{"type":"FeatureCollection","features":[{"type":"Feature","geometry":{"type":"Polygon","coordinates":[[[-111.9785,33.4365],[-111.9778,33.4159],[-111.9584,33.4074],[-111.9177,33.4075],[-111.9154,33.411],[-111.9091,33.411],[-111.9091,33.4075],[-111.9026,33.4101],[-111.9005,33.4075],[-111.8984,33.4111],[-111.8985,33.4075],[-111.8941,33.4102],[-111.8903,33.4075],[-111.8905,33.4111],[-111.8772,33.4221],[-111.883,33.4221],[-111.8828,33.4294],[-111.8912,33.4294],[-111.8911,33.4368],[-111.9096,33.4368],[-111.9093,33.4513],[-111.9265,33.4512],[-111.9263,33.4585],[-111.9394,33.4583],[-111.9393,33.4646],[-111.9432,33.4549],[-111.9415,33.4474],[-111.9519,33.4486],[-111.9542,33.4445],[-111.9561,33.4488],[-111.9611,33.4489],[-111.9613,33.4362],[-111.9785,33.4365]]]},"properties":{"ZCTA5":"85281","CENTLAT":"+33.4281025","CENTLON":"-111.9316057"}},{"type":"Feature","geometry":{"type":"Polygon","coordinates":[[[-112.3087,33.381],[-112.3061,33.3806],[-112.3062,33.2469],[-112.2021,33.2469],[-112.2021,33.087],[-111.9961,33.0877],[-111.9956,33.1176],[-112.0175,33.1234],[-112.0075,33.1431],[-112.008,33.1658],[-111.9955,33.1983],[-111.9954,33.2907],[-112.1338,33.2903],[-112.1479,33.3046],[-112.1004,33.3051],[-112.1005,33.345],[-112.1177,33.3456],[-112.1165,33.3777],[-112.1338,33.3777],[-112.1338,33.3848],[-112.1381,33.384],[-112.1399,33.3777],[-112.151,33.3776],[-112.153,33.3987],[-112.1681,33.3957],[-112.1692,33.4115],[-112.192,33.4082],[-112.1923,33.4003],[-112.2127,33.4013],[-112.2127,33.3975],[-112.2201,33.3964],[-112.22,33.3918],[-112.2369,33.3919],[-112.2371,33.3877],[-112.2424,33.3838],[-112.2885,33.3793],[-112.3023,33.383],[-112.3087,33.381]]]},"properties":{"ZCTA5":"85339","CENTLAT":"+33.2398106","CENTLON":"-112.1431756"}},{"type":"Feature","geometry":{"type":"Polygon","coordinates":[[[-112.0836,33.3197],[-112.0689,33.3089],[-112.0767,33.305],[-112.0835,33.2905],[-111.9715,33.2908],[-111.972,33.3053],[-111.976,33.3053],[-111.9761,33.309],[-111.9804,33.3089],[-111.9803,33.3053],[-111.9932,33.3077],[-111.9959,33.3052],[-112.0105,33.3053],[-112.0116,33.3098],[-112.016,33.3105],[-112.0156,33.3164],[-112.013,33.317],[-112.0163,33.3233],[-112.0318,33.3233],[-112.0318,33.3197],[-112.0836,33.3197]]]},"properties":{"ZCTA5":"85048","CENTLAT":"+33.3036242","CENTLON":"-112.0319342"}},{"type":"Feature","geometry":{"type":"MultiPolygon","coordinates":[[[[-111.6845,33.4194],[-111.6766,33.4222],[-111.6761,33.4153],[-111.6674,33.4152],[-111.6675,33.4103],[-111.6637,33.411],[-111.6643,33.4152],[-111.6501,33.4152],[-111.6501,33.4079],[-111.6484,33.413],[-111.6436,33.4113],[-111.6408,33.4151],[-111.6405,33.4078],[-111.637,33.4151],[-111.6327,33.4151],[-111.6327,33.4115],[-111.6317,33.4151],[-111.624,33.4151],[-111.6154,33.4114],[-111.6126,33.4188],[-111.6079,33.4196],[-111.6077,33.4151],[-111.6077,33.4223],[-111.5807,33.4223],[-111.5806,33.4586],[-111.5871,33.4587],[-111.5817,33.4606],[-111.5817,33.466],[-111.6031,33.4672],[-111.6004,33.4861],[-111.6038,33.4958],[-111.6839,33.4953],[-111.6839,33.4726],[-111.6748,33.4533],[-111.6841,33.4517],[-111.6845,33.4194]]],[[[-111.6275,33.4131],[-111.6265,33.4119],[-111.6264,33.4142],[-111.6275,33.4131]]],[[[-111.6275,33.4095],[-111.6264,33.4111],[-111.6275,33.4111],[-111.6275,33.4095]]],[[[-111.6841,33.4596],[-111.68,33.4588],[-111.6798,33.4619],[-111.6841,33.4596]]],[[[-111.6845,33.4145],[-111.6782,33.4134],[-111.6833,33.4171],[-111.6845,33.4145]]]]},"properties":{"ZCTA5":"85207","CENTLAT":"+33.4536207","CENTLON":"-111.6363180"}},{"type":"Feature","geometry":{"type":"Polygon","coordinates":[[[-112.1691,33.4102],[-112.1688,33.4077],[-112.1421,33.4065],[-112.1431,33.4157],[-112.1345,33.4184],[-112.1339,33.4109],[-112.0995,33.4106],[-112.0997,33.4226],[-112.0938,33.4227],[-112.0938,33.4249],[-112.0998,33.4249],[-112.1,33.4595],[-112.0978,33.4604],[-112.1,33.4604],[-112.1,33.4806],[-112.1203,33.4804],[-112.1214,33.4768],[-112.1284,33.4768],[-112.1283,33.4805],[-112.1516,33.4805],[-112.1538,33.4666],[-112.1518,33.4666],[-112.152,33.4139],[-112.1691,33.4102]]]},"properties":{"ZCTA5":"85009","CENTLAT":"+33.4445602","CENTLON":"-112.1266045"}},{"type":"Feature","geometry":{"type":"Polygon","coordinates":[[[-111.6912,33.3778],[-111.6879,33.3757],[-111.6877,33.365],[-111.5998,33.3644],[-111.5902,33.3612],[-111.5839,33.3618],[-111.5841,33.3788],[-111.5807,33.3787],[-111.5807,33.3867],[-111.598,33.3867],[-111.598,33.3933],[-111.6093,33.3933],[-111.6109,33.4013],[-111.6154,33.4012],[-111.6154,33.3933],[-111.6462,33.3934],[-111.6417,33.3988],[-111.6501,33.3988],[-111.6501,33.3934],[-111.6847,33.3958],[-111.6782,33.3899],[-111.6785,33.3867],[-111.6848,33.3867],[-111.6829,33.3794],[-111.6912,33.3778]]]},"properties":{"ZCTA5":"85209","CENTLAT":"+33.3787759","CENTLON":"-111.6347733"}},{"type":"Feature","geometry":{"type":"Polygon","coordinates":[[[-112.1387,33.4812],[-112.1283,33.4805],[-112.1284,33.4768],[-112.113,33.4806],[-112.1122,33.5386],[-112.1375,33.5385],[-112.1343,33.5363],[-112.1342,33.5023],[-112.1386,33.4986],[-112.1342,33.495],[-112.1343,33.4841],[-112.1387,33.4812]]]},"properties":{"ZCTA5":"85017","CENTLAT":"+33.5089301","CENTLON":"-112.1238291"}},{"type":"Feature","geometry":{"type":"Polygon","coordinates":[[[-112.2644,33.8992],[-112.2211,33.8993],[-112.221,33.8613],[-112.2493,33.8269],[-112.2358,33.8268],[-112.2304,33.8431],[-112.2156,33.8406],[-112.2082,33.8485],[-112.1958,33.8485],[-112.1901,33.8443],[-112.1718,33.8566],[-112.1653,33.8695],[-112.1522,33.8711],[-112.1523,33.879],[-112.1471,33.878],[-112.147,33.8817],[-112.1435,33.8817],[-112.1435,33.8784],[-112.1348,33.8784],[-112.1348,33.8712],[-112.0306,33.8717],[-112.0308,33.9011],[-112.0654,33.9012],[-112.0651,33.9715],[-112.0707,33.9691],[-112.079,33.9755],[-112.0847,33.9731],[-112.1097,33.9747],[-112.1268,33.9685],[-112.1336,33.9878],[-112.1349,34.009],[-112.1452,34.0253],[-112.1456,34.0462],[-112.1648,34.0482],[-112.1616,34.0423],[-112.1584,34.0438],[-112.1536,34.0409],[-112.1647,34.0363],[-112.1611,34.0177],[-112.1655,34.0126],[-112.1716,34.0178],[-112.183,34.0123],[-112.1804,34.0038],[-112.1927,33.9919],[-112.1965,33.9742],[-112.215,33.9671],[-112.2146,33.9636],[-112.2292,33.9542],[-112.2403,33.9566],[-112.2403,33.9505],[-112.2358,33.9473],[-112.2414,33.9405],[-112.2316,33.936],[-112.2351,33.9164],[-112.2429,33.9155],[-112.2407,33.9083],[-112.243,33.9054],[-112.2589,33.905],[-112.2644,33.8992]]]},"properties":{"ZCTA5":"85087","CENTLAT":"+33.9263368","CENTLON":"-112.1491056"}},{"type":"Feature","geometry":{"type":"Polygon","coordinates":[[[-112.2423,33.4943],[-112.2414,33.4891],[-112.2378,33.4904],[-112.2378,33.4798],[-112.2221,33.4781],[-112.2206,33.4802],[-112.1895,33.4789],[-112.1864,33.4805],[-112.1864,33.4878],[-112.1777,33.4878],[-112.1864,33.491],[-112.1864,33.5096],[-112.2377,33.5088],[-112.2378,33.4943],[-112.2423,33.4943]]]},"properties":{"ZCTA5":"85033","CENTLAT":"+33.4944325","CENTLON":"-112.2119216"}},{"type":"Feature","geometry":{"type":"Polygon","coordinates":[[[-112.1172,33.5687],[-112.1124,33.5557],[-112.1122,33.5386],[-112.0956,33.5358],[-112.0954,33.5386],[-112.0895,33.5385],[-112.0895,33.5363],[-112.0889,33.5385],[-112.0738,33.5383],[-112.0739,33.5623],[-112.08,33.5676],[-112.0739,33.5677],[-112.0752,33.5775],[-112.0706,33.5791],[-112.0712,33.5821],[-112.1039,33.582],[-112.1062,33.5798],[-112.1168,33.582],[-112.1172,33.5687]]]},"properties":{"ZCTA5":"85021","CENTLAT":"+33.5604396","CENTLON":"-112.0944011"}},{"type":"Feature","geometry":{"type":"Polygon","coordinates":[[[-112.2379,33.4659],[-112.2206,33.4624],[-112.1776,33.4627],[-112.1777,33.466],[-112.16,33.466],[-112.1604,33.4626],[-112.1519,33.4621],[-112.1538,33.4666],[-112.1517,33.4779],[-112.1548,33.4805],[-112.1582,33.4805],[-112.1583,33.4769],[-112.1603,33.4805],[-112.2378,33.4798],[-112.2379,33.4659]]]},"properties":{"ZCTA5":"85035","CENTLAT":"+33.4716683","CENTLON":"-112.1953933"}},{"type":"Feature","geometry":{"type":"Polygon","coordinates":[[[-112.3237,33.4205],[-112.3209,33.4042],[-112.3233,33.4014],[-112.323,33.3845],[-112.319,33.3845],[-112.3188,33.3809],[-112.3023,33.383],[-112.2885,33.3793],[-112.2419,33.384],[-112.2371,33.3877],[-112.2369,33.399],[-112.2393,33.3991],[-112.2393,33.4027],[-112.2455,33.4027],[-112.2455,33.4076],[-112.2379,33.4084],[-112.2383,33.4408],[-112.2213,33.4444],[-112.2213,33.4517],[-112.2384,33.4518],[-112.2382,33.4653],[-112.2685,33.4648],[-112.2725,33.4614],[-112.2725,33.4502],[-112.2898,33.4499],[-112.2896,33.421],[-112.3237,33.4205]]]},"properties":{"ZCTA5":"85353","CENTLAT":"+33.4172322","CENTLON":"-112.2727355"}},{"type":"Feature","geometry":{"type":"Polygon","coordinates":[[[-111.5534,34.6213],[-111.5531,34.5029],[-111.5457,34.5111],[-111.5234,34.521],[-111.5079,34.5214],[-111.5092,34.527],[-111.4899,34.5281],[-111.483,34.532],[-111.4763,34.5306],[-111.4663,34.5219],[-111.455,34.5204],[-111.441,34.506],[-111.4255,34.5066],[-111.4158,34.513],[-111.4111,34.5069],[-111.4048,34.5067],[-111.3961,34.5132],[-111.393,34.5124],[-111.3935,34.5093],[-111.3824,34.5133],[-111.3734,34.5062],[-111.3631,34.5076],[-111.3712,34.491],[-111.381,34.4833],[-111.381,34.4747],[-111.3783,34.4762],[-111.3737,34.4708],[-111.3617,34.4721],[-111.3512,34.4662],[-111.3501,34.4622],[-111.3419,34.4651],[-111.3419,34.4682],[-111.2002,34.4676],[-111.2014,34.4785],[-111.1972,34.4902],[-111.1969,34.5116],[-111.1891,34.5077],[-111.1898,34.5109],[-111.182,34.5123],[-111.1649,34.5498],[-111.1569,34.5483],[-111.1561,34.5573],[-111.1523,34.5514],[-111.1509,34.561],[-111.1453,34.5603],[-111.1508,34.5659],[-111.1431,34.5659],[-111.1438,34.5703],[-111.1501,34.5709],[-111.1447,34.579],[-111.1308,34.583],[-111.1271,34.5913],[-111.1239,34.5872],[-111.1186,34.5934],[-111.1156,34.592],[-111.1193,34.5992],[-111.1127,34.5999],[-111.1113,34.6045],[-111.1135,34.6064],[-111.1069,34.6086],[-111.1074,34.6145],[-111.1019,34.6138],[-111.1035,34.6181],[-111.0981,34.6181],[-111.0979,34.6215],[-111.0913,34.6175],[-111.0794,34.6199],[-111.0808,34.6157],[-111.0764,34.6176],[-111.077,34.624],[-111.0714,34.622],[-111.0706,34.6253],[-111.0512,34.6294],[-111.0401,34.6236],[-111.0419,34.6287],[-111.037,34.6343],[-111.0219,34.6298],[-111.0145,34.6355],[-111.0087,34.6342],[-111.0094,34.6395],[-111.0028,34.6438],[-110.9981,34.6419],[-111.0002,34.6461],[-110.9982,34.6496],[-111.0039,34.6504],[-110.9977,34.6553],[-111.0079,34.6679],[-110.9984,34.6694],[-110.997,34.6673],[-110.9969,34.6715],[-110.9888,34.6667],[-110.9785,34.6714],[-110.9824,34.6798],[-110.9777,34.6804],[-110.9775,34.6853],[-110.9721,34.6861],[-110.9718,34.6902],[-110.9758,34.6902],[-110.973,34.6942],[-110.9707,34.6924],[-110.9685,34.6958],[-110.9629,34.6956],[-110.9676,34.6977],[-110.9688,34.7039],[-110.9592,34.7096],[-110.9678,34.7104],[-110.9705,34.7204],[-110.7507,34.7208],[-110.7507,34.9569],[-110.8282,34.9158],[-110.9089,34.8655],[-110.9561,34.8265],[-111.0013,34.7799],[-111.009,34.7683],[-111.0729,34.7302],[-111.0802,34.7287],[-111.09,34.718],[-111.091,34.7413],[-111.1168,34.7541],[-111.1237,34.7653],[-111.1363,34.7715],[-111.1413,34.7781],[-111.1451,34.7725],[-111.1785,34.7739],[-111.1995,34.7653],[-111.2092,34.7537],[-111.2081,34.7341],[-111.1979,34.7214],[-111.2068,34.7146],[-111.2158,34.7185],[-111.2364,34.6962],[-111.2507,34.7085],[-111.2586,34.7056],[-111.2644,34.6913],[-111.2744,34.7038],[-111.2821,34.7033],[-111.2957,34.7115],[-111.3217,34.7071],[-111.3417,34.6945],[-111.3431,34.6837],[-111.3498,34.6791],[-111.3512,34.6743],[-111.358,34.6712],[-111.3696,34.6535],[-111.3792,34.6531],[-111.3805,34.6493],[-111.3925,34.6461],[-111.4004,34.6492],[-111.4169,34.6476],[-111.4216,34.6502],[-111.4176,34.6547],[-111.4219,34.6579],[-111.41,34.6631],[-111.3639,34.7822],[-111.3715,34.8561],[-111.3803,34.8599],[-111.3992,34.8573],[-111.4126,34.8657],[-111.4173,34.8821],[-111.4225,34.8826],[-111.4229,34.8923],[-111.4305,34.9066],[-111.4682,34.9024],[-111.4721,34.8938],[-111.4803,34.8877],[-111.4641,34.8723],[-111.4581,34.8551],[-111.4445,34.8391],[-111.4381,34.8389],[-111.4344,34.8155],[-111.4379,34.7992],[-111.4442,34.7892],[-111.466,34.7946],[-111.4785,34.7913],[-111.4838,34.7932],[-111.4902,34.7912],[-111.5064,34.7773],[-111.5154,34.7843],[-111.5237,34.7832],[-111.5267,34.7799],[-111.5381,34.7839],[-111.5521,34.7768],[-111.5534,34.6213]]]},"properties":{"ZCTA5":"86024","CENTLAT":"+34.6851952","CENTLON":"-111.2027311"}},{"type":"Feature","geometry":{"type":"Polygon","coordinates":[[[-111.1844,32.2482],[-111.1682,32.2475],[-111.1321,32.2208],[-111.103,32.2177],[-111.0969,32.2208],[-111.0883,32.2186],[-111.0824,32.2112],[-111.0547,32.2112],[-111.0545,32.2068],[-111.0587,32.2068],[-111.0588,32.2031],[-111.0545,32.2031],[-111.0545,32.1995],[-111.046,32.1995],[-111.0461,32.1911],[-111.0379,32.189],[-111.0372,32.1923],[-111.029,32.1924],[-111.0335,32.1986],[-111.0329,32.2069],[-110.9932,32.2055],[-110.9803,32.2096],[-110.9794,32.2067],[-110.9804,32.2218],[-110.9866,32.2421],[-111.0003,32.2566],[-111.0085,32.2576],[-111.0166,32.2743],[-111.0271,32.2782],[-111.0373,32.2942],[-111.0305,32.2942],[-111.0424,32.3088],[-111.0504,32.3039],[-111.0527,32.3087],[-111.0798,32.3087],[-111.0799,32.3049],[-111.0834,32.3087],[-111.0884,32.3087],[-111.0884,32.3051],[-111.0969,32.3051],[-111.0969,32.3],[-111.1003,32.3004],[-111.1011,32.296],[-111.1054,32.2977],[-111.1054,32.2943],[-111.1225,32.2942],[-111.1224,32.2725],[-111.1139,32.2724],[-111.1139,32.2651],[-111.1011,32.2644],[-111.1011,32.2616],[-111.1054,32.2616],[-111.1054,32.258],[-111.0969,32.258],[-111.0969,32.2507],[-111.167,32.2508],[-111.1669,32.2482],[-111.1844,32.2482]]]},"properties":{"ZCTA5":"85745","CENTLAT":"+32.2501229","CENTLON":"-111.0625136"}},{"type":"Feature","geometry":{"type":"Polygon","coordinates":[[[-112.31,33.6307],[-112.3075,33.6235],[-112.3032,33.6234],[-112.3046,33.6068],[-112.2987,33.6052],[-112.2987,33.58],[-112.3029,33.5794],[-112.3031,33.5755],[-112.3002,33.5655],[-112.2761,33.5657],[-112.2726,33.5734],[-112.2725,33.5873],[-112.2639,33.5877],[-112.2639,33.5913],[-112.2611,33.5916],[-112.2639,33.595],[-112.2638,33.6095],[-112.2571,33.6097],[-112.255,33.638],[-112.3022,33.6383],[-112.3026,33.6307],[-112.31,33.6307]]]},"properties":{"ZCTA5":"85351","CENTLAT":"+33.6063798","CENTLON":"-112.2821238"}},{"type":"Feature","geometry":{"type":"Polygon","coordinates":[[[-112.4038,33.5227],[-112.4038,33.5191],[-112.3925,33.5191],[-112.3893,33.5227],[-112.3754,33.5227],[-112.3753,33.5191],[-112.3717,33.5192],[-112.3719,33.5226],[-112.3667,33.5226],[-112.3667,33.5263],[-112.3754,33.5264],[-112.3754,33.5299],[-112.3582,33.5298],[-112.3583,33.5401],[-112.3517,33.5403],[-112.3521,33.5433],[-112.3586,33.5448],[-112.3589,33.5513],[-112.3849,33.5514],[-112.3841,33.5397],[-112.4038,33.5227]]]},"properties":{"ZCTA5":"85309","CENTLAT":"+33.5355531","CENTLON":"-112.3763548"}},{"type":"Feature","geometry":{"type":"Polygon","coordinates":[[[-110.0061,34.3926],[-109.9985,34.383],[-109.9866,34.3775],[-109.9779,34.3692],[-109.9698,34.3693],[-109.9651,34.3726],[-109.9672,34.3628],[-109.9718,34.3633],[-109.9703,34.3594],[-109.949,34.3623],[-109.9489,34.3715],[-109.9544,34.3719],[-109.9559,34.3827],[-109.959,34.3835],[-109.9554,34.3884],[-109.8484,34.3883],[-109.8481,34.4602],[-109.8556,34.4728],[-109.8678,34.4768],[-109.8641,34.4738],[-109.8982,34.4761],[-109.9081,34.4727],[-109.9054,34.464],[-109.9103,34.4635],[-109.9137,34.4556],[-109.9224,34.4504],[-109.9298,34.4405],[-109.9362,34.4399],[-109.9366,34.4213],[-109.9492,34.4249],[-109.9449,34.4325],[-109.9493,34.4326],[-109.9494,34.4362],[-109.9587,34.4361],[-109.9586,34.4397],[-109.9785,34.4422],[-109.9936,34.4382],[-109.9936,34.4325],[-109.9781,34.4324],[-109.9759,34.426],[-109.9791,34.4181],[-109.9934,34.418],[-109.9937,34.4108],[-110.0024,34.4109],[-110.0027,34.4002],[-109.9981,34.3999],[-109.9981,34.3963],[-110.0061,34.3926]]]},"properties":{"ZCTA5":"85912","CENTLAT":"+34.4195046","CENTLON":"-109.9161899"}},{"type":"Feature","geometry":{"type":"Polygon","coordinates":[[[-110.1947,34.4449],[-110.1928,34.4311],[-110.1756,34.4309],[-110.1756,34.4261],[-110.1584,34.426],[-110.1585,34.4115],[-110.1228,34.4094],[-110.1228,34.3967],[-110.1051,34.3966],[-110.1055,34.3821],[-110.0698,34.382],[-110.0697,34.388],[-110.0627,34.388],[-110.0823,34.4138],[-110.0747,34.4259],[-110.0671,34.4231],[-110.0715,34.4162],[-110.0703,34.4061],[-110.066,34.4049],[-110.0625,34.4092],[-110.0498,34.4022],[-110.043,34.4021],[-110.0433,34.3979],[-110.0221,34.3992],[-110.0109,34.388],[-110.0023,34.3879],[-110.0061,34.3926],[-109.9981,34.3963],[-109.9981,34.3999],[-110.0026,34.4001],[-110.0024,34.4109],[-109.9937,34.4108],[-109.9934,34.418],[-109.9791,34.4181],[-109.9757,34.4273],[-109.9781,34.4324],[-109.9936,34.4325],[-109.9936,34.4382],[-109.9815,34.442],[-109.9893,34.444],[-109.9894,34.447],[-110.0066,34.447],[-110.0066,34.4514],[-110.0118,34.4523],[-110.0179,34.4603],[-110.0403,34.4697],[-110.036,34.4754],[-110.0511,34.4746],[-110.0697,34.4783],[-110.0699,34.4808],[-110.0768,34.4808],[-110.082,34.47],[-110.088,34.4678],[-110.0899,34.4535],[-110.08,34.4501],[-110.0769,34.4455],[-110.0841,34.4404],[-110.0905,34.4461],[-110.093,34.4625],[-110.0842,34.4808],[-110.0962,34.481],[-110.0962,34.4843],[-110.1531,34.4837],[-110.1595,34.4756],[-110.1662,34.4719],[-110.1671,34.4753],[-110.1671,34.4694],[-110.176,34.4693],[-110.177,34.461],[-110.1938,34.4602],[-110.1899,34.4589],[-110.1894,34.4523],[-110.1947,34.4449]]]},"properties":{"ZCTA5":"85939","CENTLAT":"+34.4372826","CENTLON":"-110.0875188"}},{"type":"Feature","geometry":{"type":"Polygon","coordinates":[[[-112.9208,34.3261],[-112.9174,34.3092],[-112.9051,34.297],[-112.9059,34.2796],[-112.898,34.2552],[-112.888,34.2471],[-112.8688,34.2419],[-112.8539,34.2323],[-112.8458,34.2337],[-112.847,34.2269],[-112.8331,34.218],[-112.8257,34.1825],[-112.8009,34.2079],[-112.7902,34.2044],[-112.7806,34.2061],[-112.7807,34.2013],[-112.7727,34.2042],[-112.763,34.2015],[-112.7615,34.2048],[-112.7537,34.2073],[-112.7554,34.2122],[-112.75,34.2108],[-112.7366,34.2163],[-112.7365,34.246],[-112.7272,34.2658],[-112.7425,34.2533],[-112.7788,34.2526],[-112.783,34.2433],[-112.824,34.2433],[-112.8234,34.3773],[-112.846,34.3741],[-112.8582,34.3758],[-112.8816,34.37],[-112.8899,34.3724],[-112.8921,34.3693],[-112.9059,34.3675],[-112.913,34.369],[-112.91,34.3522],[-112.919,34.344],[-112.9208,34.3261]]]},"properties":{"ZCTA5":"85362","CENTLAT":"+34.2854513","CENTLON":"-112.8432222"}},{"type":"Feature","geometry":{"type":"Polygon","coordinates":[[[-112.5577,34.4858],[-112.5525,34.4747],[-112.5424,34.4664],[-112.535,34.453],[-112.5242,34.4538],[-112.5238,34.4592],[-112.5219,34.4523],[-112.5084,34.4439],[-112.502,34.4449],[-112.5032,34.4486],[-112.4984,34.4479],[-112.5003,34.4522],[-112.497,34.4516],[-112.4968,34.4547],[-112.4852,34.453],[-112.4842,34.4511],[-112.4876,34.4501],[-112.4753,34.427],[-112.4674,34.4267],[-112.4617,34.4216],[-112.4479,34.4185],[-112.4492,34.4103],[-112.439,34.4123],[-112.4349,34.405],[-112.4289,34.4055],[-112.423,34.3955],[-112.4159,34.3924],[-112.4098,34.3768],[-112.4015,34.3802],[-112.397,34.3783],[-112.3913,34.3864],[-112.3844,34.3901],[-112.3826,34.3976],[-112.3795,34.3977],[-112.38,34.4109],[-112.3875,34.4213],[-112.3848,34.4271],[-112.3912,34.4289],[-112.3869,34.4315],[-112.3864,34.4361],[-112.3819,34.4361],[-112.3813,34.4471],[-112.3769,34.4503],[-112.3762,34.4479],[-112.3724,34.4491],[-112.3666,34.4563],[-112.3707,34.4586],[-112.3539,34.461],[-112.3571,34.4694],[-112.333,34.4813],[-112.3155,34.4799],[-112.3077,34.4828],[-112.2835,34.5042],[-112.2854,34.5065],[-112.3093,34.5074],[-112.3091,34.5308],[-112.3053,34.5301],[-112.3164,34.5433],[-112.3268,34.5433],[-112.3261,34.5534],[-112.3604,34.5618],[-112.3604,34.5701],[-112.3693,34.5686],[-112.3693,34.5715],[-112.3821,34.5542],[-112.3901,34.5491],[-112.4247,34.553],[-112.428,34.5519],[-112.4213,34.5457],[-112.4493,34.5477],[-112.4606,34.5408],[-112.492,34.544],[-112.498,34.5401],[-112.5198,34.5516],[-112.5311,34.5466],[-112.5461,34.5457],[-112.5521,34.5338],[-112.5486,34.5345],[-112.545,34.5275],[-112.5503,34.5234],[-112.5512,34.5172],[-112.5575,34.5133],[-112.5556,34.5047],[-112.5456,34.4951],[-112.5523,34.4929],[-112.5528,34.4894],[-112.5567,34.49],[-112.5577,34.4858]]]},"properties":{"ZCTA5":"86303","CENTLAT":"+34.4893833","CENTLON":"-112.4289510"}},{"type":"Feature","geometry":{"type":"Polygon","coordinates":[[[-112.397,34.3783],[-112.3868,34.366],[-112.3866,34.3607],[-112.3778,34.3568],[-112.3771,34.341],[-112.3667,34.3245],[-112.3697,34.3155],[-112.3763,34.3097],[-112.3732,34.3053],[-112.3775,34.2905],[-112.3775,34.2449],[-112.2738,34.2453],[-112.2739,34.2015],[-112.1993,34.2011],[-112.1904,34.1989],[-112.1801,34.1826],[-112.1748,34.187],[-112.1696,34.1837],[-112.1681,34.1903],[-112.1521,34.1947],[-112.1554,34.1965],[-112.1403,34.2168],[-112.1391,34.2241],[-112.1487,34.2385],[-112.1112,34.2371],[-112.1137,34.2755],[-112.1079,34.2681],[-112.0971,34.2632],[-112.0936,34.2665],[-112.0754,34.2671],[-112.0621,34.263],[-112.0636,34.2569],[-112.0551,34.2532],[-112.0579,34.2475],[-112.0563,34.2445],[-112.0503,34.2466],[-112.0451,34.2382],[-112.0187,34.2318],[-111.9997,34.2318],[-111.9485,34.2103],[-111.9449,34.2057],[-111.9301,34.2071],[-111.9278,34.2116],[-111.9079,34.2097],[-111.9028,34.2127],[-111.8894,34.2118],[-111.8854,34.2027],[-111.8742,34.2021],[-111.8642,34.1966],[-111.8629,34.1901],[-111.8541,34.1809],[-111.8434,34.1758],[-111.849,34.1728],[-111.844,34.1676],[-111.8219,34.1557],[-111.8125,34.1821],[-111.7302,34.2839],[-111.7147,34.3206],[-111.6962,34.3432],[-111.7037,34.3527],[-111.7865,34.3516],[-111.7985,34.3484],[-111.8105,34.3587],[-111.8119,34.3637],[-111.824,34.3638],[-111.8402,34.3691],[-111.9786,34.3694],[-111.9857,34.3725],[-111.9853,34.4201],[-111.9909,34.4204],[-111.9997,34.4306],[-111.9975,34.434],[-111.9924,34.4338],[-111.9853,34.4428],[-111.9853,34.4564],[-112.0885,34.4565],[-112.0814,34.4438],[-112.0796,34.4267],[-112.0829,34.4166],[-112.0764,34.4112],[-112.0771,34.4073],[-112.0906,34.4079],[-112.1841,34.4351],[-112.2046,34.435],[-112.1997,34.4379],[-112.1996,34.4457],[-112.213,34.4468],[-112.2148,34.4502],[-112.2227,34.4472],[-112.2223,34.4544],[-112.2268,34.4541],[-112.23,34.4612],[-112.2382,34.4655],[-112.2348,34.4746],[-112.2375,34.4772],[-112.2342,34.4786],[-112.2374,34.4846],[-112.254,34.4846],[-112.2676,34.4659],[-112.269,34.47],[-112.2823,34.4703],[-112.2801,34.4661],[-112.2836,34.4639],[-112.2806,34.46],[-112.2864,34.4569],[-112.2961,34.46],[-112.3148,34.4569],[-112.3459,34.4617],[-112.3707,34.4586],[-112.3666,34.4563],[-112.3724,34.4491],[-112.3762,34.4479],[-112.3769,34.4503],[-112.3813,34.4471],[-112.3819,34.4361],[-112.3864,34.4361],[-112.3869,34.4315],[-112.3912,34.4289],[-112.3848,34.4271],[-112.3875,34.4213],[-112.38,34.4109],[-112.3795,34.3977],[-112.3826,34.3976],[-112.3844,34.3901],[-112.3913,34.3864],[-112.397,34.3783]]]},"properties":{"ZCTA5":"86333","CENTLAT":"+34.3220225","CENTLON":"-112.0833569"}},{"type":"Feature","geometry":{"type":"Polygon","coordinates":[[[-110.3163,34.238],[-110.3046,34.2342],[-110.2926,34.2205],[-110.2616,34.2168],[-110.2392,34.2197],[-110.2317,34.2247],[-110.2307,34.2307],[-110.2191,34.2427],[-110.204,34.2461],[-110.2058,34.2599],[-110.202,34.2646],[-110.2099,34.279],[-110.2053,34.2882],[-110.2114,34.3034],[-110.191,34.2989],[-110.1839,34.3081],[-110.1818,34.329],[-110.1894,34.3319],[-110.1771,34.3374],[-110.1738,34.342],[-110.1748,34.3457],[-110.1827,34.3484],[-110.1878,34.3588],[-110.1778,34.3683],[-110.2073,34.3877],[-110.2424,34.3876],[-110.2577,34.3705],[-110.2719,34.3675],[-110.2814,34.3576],[-110.2877,34.3581],[-110.2862,34.3429],[-110.2737,34.3364],[-110.2849,34.3293],[-110.3013,34.298],[-110.2995,34.2905],[-110.3039,34.2839],[-110.3068,34.2668],[-110.3035,34.2623],[-110.3034,34.2514],[-110.3066,34.2354],[-110.3163,34.238]]]},"properties":{"ZCTA5":"85934","CENTLAT":"+34.3024846","CENTLON":"-110.2443231"}},{"type":"Feature","geometry":{"type":"MultiPolygon","coordinates":[[[[-111.013,32.3347],[-111.012,32.3029],[-110.9918,32.2928],[-110.9819,32.2951],[-110.9611,32.289],[-110.9642,32.3011],[-110.9611,32.3022],[-110.9609,32.3394],[-110.9567,32.3451],[-110.9612,32.3539],[-110.9612,32.3805],[-110.9522,32.3806],[-110.9527,32.3916],[-110.9629,32.3922],[-110.9667,32.3881],[-110.9641,32.3809],[-110.988,32.3807],[-110.988,32.388],[-110.9958,32.3844],[-110.9958,32.3797],[-111.0022,32.3732],[-111.0128,32.3735],[-111.0128,32.3663],[-111.0101,32.3659],[-111.0127,32.3641],[-111.0104,32.3393],[-111.013,32.3347]]],[[[-110.963,32.2994],[-110.961,32.2975],[-110.9611,32.301],[-110.963,32.2994]]]]},"properties":{"ZCTA5":"85704","CENTLAT":"+32.3387986","CENTLON":"-110.9848173"}},{"type":"Feature","geometry":{"type":"Polygon","coordinates":[[[-110.9644,32.2975],[-110.9611,32.289],[-110.9397,32.2818],[-110.9281,32.2821],[-110.9216,32.2712],[-110.9012,32.2751],[-110.8838,32.2685],[-110.8666,32.2684],[-110.8697,32.2738],[-110.8751,32.2735],[-110.8751,32.3374],[-110.9095,32.3372],[-110.9102,32.3446],[-110.9272,32.3446],[-110.9271,32.3517],[-110.9612,32.3557],[-110.9567,32.3451],[-110.9609,32.3394],[-110.9611,32.3022],[-110.9644,32.2975]],[[-110.963,32.2992],[-110.9611,32.301],[-110.961,32.2975],[-110.963,32.2992]]]},"properties":{"ZCTA5":"85718","CENTLAT":"+32.3107766","CENTLON":"-110.9181534"}},{"type":"Feature","geometry":{"type":"MultiPolygon","coordinates":[[[[-111.5614,33.3687],[-111.5607,33.3654],[-111.5509,33.3615],[-111.5286,33.3263],[-111.524,33.3072],[-111.4595,33.3071],[-111.4594,33.3446],[-111.477,33.3404],[-111.4769,33.3695],[-111.4887,33.3791],[-111.4769,33.3789],[-111.4768,33.3934],[-111.4596,33.3935],[-111.4596,33.4077],[-111.4769,33.4078],[-111.4768,33.4659],[-111.5461,33.4659],[-111.5461,33.4567],[-111.5483,33.4567],[-111.5461,33.4549],[-111.5461,33.4296],[-111.5482,33.4296],[-111.5461,33.4127],[-111.5504,33.4116],[-111.5516,33.4078],[-111.5494,33.4075],[-111.5535,33.4041],[-111.5527,33.4009],[-111.5461,33.4005],[-111.5461,33.3788],[-111.5608,33.3788],[-111.5614,33.3687]]],[[[-111.548,33.4229],[-111.5464,33.4226],[-111.5464,33.4239],[-111.548,33.4229]]]]},"properties":{"ZCTA5":"85119","CENTLAT":"+33.3868235","CENTLON":"-111.5082440"}},{"type":"Feature","geometry":{"type":"Polygon","coordinates":[[[-110.7957,33.0053],[-110.7831,32.9847],[-110.7748,32.9847],[-110.7745,33.0104],[-110.7881,33.0104],[-110.7957,33.0053]]]},"properties":{"ZCTA5":"85135","CENTLAT":"+32.9986169","CENTLON":"-110.7823767"}},{"type":"Feature","geometry":{"type":"Polygon","coordinates":[[[-112.995,34.5344],[-112.9875,34.5258],[-112.9779,34.5241],[-112.9592,34.527],[-112.9425,34.5244],[-112.935,34.5208],[-112.934,34.5162],[-112.9235,34.5087],[-112.89,34.4988],[-112.8884,34.4898],[-112.8842,34.4863],[-112.8768,34.4993],[-112.8551,34.4926],[-112.8501,34.5032],[-112.8159,34.5032],[-112.8192,34.499],[-112.8129,34.491],[-112.8161,34.4781],[-112.8037,34.4681],[-112.7961,34.4545],[-112.7964,34.4379],[-112.7929,34.4372],[-112.791,34.441],[-112.7818,34.4398],[-112.7715,34.4287],[-112.7581,34.4236],[-112.7518,34.4158],[-112.7429,34.4162],[-112.7333,34.4227],[-112.7296,34.4326],[-112.6959,34.4321],[-112.7021,34.421],[-112.7103,34.4172],[-112.7007,34.4212],[-112.6931,34.4319],[-112.6562,34.4261],[-112.6246,34.4419],[-112.6149,34.442],[-112.6037,34.4467],[-112.5982,34.4439],[-112.5869,34.4443],[-112.5619,34.4255],[-112.556,34.4247],[-112.5524,34.4291],[-112.5453,34.43],[-112.544,34.4351],[-112.5484,34.4431],[-112.5408,34.4475],[-112.5379,34.4506],[-112.5397,34.4545],[-112.5371,34.4549],[-112.5424,34.4664],[-112.55,34.4714],[-112.5573,34.483],[-112.5567,34.49],[-112.5527,34.4894],[-112.5523,34.4929],[-112.5455,34.4955],[-112.5556,34.5047],[-112.5615,34.523],[-112.5862,34.5322],[-112.5813,34.539],[-112.5949,34.5396],[-112.6044,34.5461],[-112.6115,34.5453],[-112.618,34.5394],[-112.6245,34.5481],[-112.6248,34.5695],[-112.6295,34.5797],[-112.6248,34.5819],[-112.6252,34.6155],[-112.6408,34.615],[-112.6487,34.6188],[-112.6441,34.6262],[-112.6379,34.6592],[-112.6302,34.6751],[-112.6313,34.6901],[-112.6265,34.7131],[-112.6329,34.7188],[-112.7284,34.7186],[-112.7472,34.7021],[-112.7505,34.6956],[-112.773,34.6948],[-112.7806,34.6896],[-112.79,34.6978],[-112.8016,34.7004],[-112.7998,34.7052],[-112.8065,34.7072],[-112.8114,34.7141],[-112.8151,34.7122],[-112.8243,34.7181],[-112.8442,34.7106],[-112.8516,34.7146],[-112.8503,34.7105],[-112.853,34.708],[-112.8677,34.716],[-112.8895,34.7187],[-112.8914,34.731],[-112.8966,34.7324],[-112.8999,34.7303],[-112.9184,34.7358],[-112.9246,34.731],[-112.9307,34.73],[-112.9352,34.7332],[-112.9412,34.7304],[-112.9417,34.7198],[-112.9389,34.7154],[-112.9339,34.7118],[-112.9269,34.712],[-112.9206,34.7057],[-112.9128,34.7048],[-112.9073,34.6977],[-112.9102,34.6955],[-112.9063,34.6932],[-112.9097,34.6903],[-112.9077,34.679],[-112.9106,34.671],[-112.9071,34.6664],[-112.9163,34.6609],[-112.9226,34.6496],[-112.9132,34.6347],[-112.9153,34.6325],[-112.913,34.6195],[-112.9171,34.6187],[-112.9182,34.6147],[-112.928,34.6172],[-112.9481,34.5996],[-112.9477,34.5943],[-112.9513,34.5915],[-112.9503,34.5835],[-112.9551,34.5763],[-112.9479,34.5737],[-112.9549,34.5708],[-112.9493,34.5619],[-112.9583,34.5602],[-112.9623,34.5521],[-112.9715,34.5489],[-112.9726,34.5438],[-112.9848,34.5414],[-112.995,34.5344]]]},"properties":{"ZCTA5":"86338","CENTLAT":"+34.5729927","CENTLON":"-112.7575060"}},{"type":"Feature","geometry":{"type":"Polygon","coordinates":[[[-111.8731,34.7987],[-111.8706,34.7917],[-111.8552,34.789],[-111.853,34.7828],[-111.847,34.7797],[-111.8424,34.7536],[-111.8359,34.7517],[-111.8336,34.7439],[-111.8273,34.7386],[-111.8313,34.7268],[-111.8189,34.7129],[-111.8128,34.7261],[-111.8011,34.7343],[-111.7838,34.7385],[-111.7747,34.7307],[-111.7731,34.7378],[-111.7654,34.7419],[-111.7612,34.7495],[-111.7436,34.7579],[-111.7226,34.7604],[-111.71,34.7668],[-111.7083,34.7707],[-111.6887,34.783],[-111.692,34.7924],[-111.685,34.8],[-111.6856,34.8035],[-111.7783,34.8033],[-111.78,34.8181],[-111.7882,34.8181],[-111.788,34.8254],[-111.7959,34.8256],[-111.8169,34.8223],[-111.8176,34.8145],[-111.8253,34.8192],[-111.826,34.8096],[-111.8312,34.8111],[-111.8347,34.8181],[-111.8468,34.8131],[-111.8432,34.8076],[-111.8521,34.8053],[-111.8568,34.809],[-111.8625,34.8075],[-111.8597,34.8108],[-111.8618,34.8127],[-111.8663,34.8039],[-111.8731,34.7987]],[[-111.8441,34.8112],[-111.838,34.8153],[-111.8355,34.8139],[-111.8401,34.8092],[-111.8441,34.8112]]]},"properties":{"ZCTA5":"86351","CENTLAT":"+34.7784629","CENTLON":"-111.7851409"}},{"type":"Feature","geometry":{"type":"Polygon","coordinates":[[[-112.4096,33.5842],[-112.4096,33.5807],[-112.3418,33.5801],[-112.3422,33.6236],[-112.4094,33.6243],[-112.4095,33.6097],[-112.3938,33.6096],[-112.3938,33.5951],[-112.4096,33.5954],[-112.4096,33.5842]]]},"properties":{"ZCTA5":"85379","CENTLAT":"+33.6020603","CENTLON":"-112.3736182"}},{"type":"Feature","geometry":{"type":"Polygon","coordinates":[[[-111.48,33.466],[-111.04,33.466],[-110.9746,33.3418],[-110.9692,33.3441],[-110.9648,33.3519],[-110.9722,33.359],[-110.9245,33.3718],[-110.9144,33.3822],[-110.9101,33.4049],[-110.9003,33.4106],[-110.8907,33.4114],[-110.8814,33.4208],[-110.8693,33.4262],[-110.8558,33.4268],[-110.8486,33.4369],[-110.8606,33.437],[-110.8624,33.4904],[-110.868,33.5028],[-110.8697,33.5184],[-110.873,33.5204],[-110.8872,33.5181],[-110.8932,33.5241],[-110.9103,33.5256],[-110.9137,33.5335],[-110.9283,33.5407],[-110.9464,33.5655],[-110.9482,33.5872],[-110.9291,33.6166],[-110.9217,33.6193],[-110.9484,33.6325],[-110.9523,33.6312],[-110.9548,33.6203],[-110.9652,33.6219],[-110.9711,33.6304],[-110.961,33.6421],[-110.9635,33.6481],[-110.9807,33.6543],[-110.9923,33.649],[-110.9829,33.649],[-110.9845,33.647],[-110.9919,33.648],[-110.9979,33.6597],[-111.0178,33.6588],[-111.022,33.6646],[-111.0188,33.6736],[-111.0136,33.6766],[-111.0145,33.6854],[-111.0079,33.7095],[-111.0103,33.7136],[-111.0257,33.7095],[-111.035,33.7164],[-111.0377,33.7111],[-111.0429,33.7232],[-111.048,33.7191],[-111.0629,33.7219],[-111.0751,33.7361],[-111.0865,33.7297],[-111.1134,33.7348],[-111.1103,33.7243],[-111.1043,33.7198],[-111.0974,33.7069],[-111.0866,33.7069],[-111.0866,33.6993],[-111.0824,33.6994],[-111.0823,33.6856],[-111.0729,33.6855],[-111.0764,33.6849],[-111.0743,33.6825],[-111.1307,33.677],[-111.1534,33.6776],[-111.1695,33.6675],[-111.1735,33.6601],[-111.1806,33.6598],[-111.2087,33.6351],[-111.2075,33.6206],[-111.2214,33.6037],[-111.2211,33.5961],[-111.2325,33.5929],[-111.2303,33.5885],[-111.2359,33.5856],[-111.2322,33.5837],[-111.2376,33.5804],[-111.2508,33.5817],[-111.2507,33.5784],[-111.2572,33.5757],[-111.2562,33.5729],[-111.2657,33.5727],[-111.27,33.5764],[-111.2805,33.577],[-111.2883,33.5828],[-111.2924,33.5818],[-111.2948,33.5875],[-111.3021,33.5844],[-111.307,33.5912],[-111.3188,33.5883],[-111.32,33.5905],[-111.3275,33.5865],[-111.3403,33.5918],[-111.3575,33.5837],[-111.3533,33.5792],[-111.3548,33.5762],[-111.364,33.573],[-111.3687,33.5781],[-111.3746,33.5739],[-111.3842,33.5799],[-111.3998,33.5654],[-111.4002,33.5616],[-111.3969,33.5617],[-111.4082,33.5534],[-111.4116,33.5519],[-111.4138,33.5583],[-111.4218,33.5591],[-111.4238,33.5541],[-111.4299,33.5527],[-111.4323,33.5448],[-111.4293,33.5413],[-111.4098,33.5353],[-111.4153,33.5357],[-111.4151,33.5334],[-111.4233,33.536],[-111.4244,33.5333],[-111.4274,33.5373],[-111.4436,33.539],[-111.4443,33.5434],[-111.449,33.545],[-111.4548,33.535],[-111.454,33.5248],[-111.4502,33.5212],[-111.4581,33.5182],[-111.456,33.5086],[-111.466,33.4951],[-111.48,33.466]]]},"properties":{"ZCTA5":"85545","CENTLAT":"+33.5375922","CENTLON":"-111.1195654"}},{"type":"Feature","geometry":{"type":"Polygon","coordinates":[[[-111.9784,33.4511],[-111.9784,33.4474],[-111.969,33.4463],[-111.9691,33.4509],[-111.9784,33.4511]]]},"properties":{"ZCTA5":"85026","CENTLAT":"+33.4489047","CENTLON":"-111.9735466"}},{"type":"Feature","geometry":{"type":"Polygon","coordinates":[[[-111.864,33.3796],[-111.8598,33.3787],[-111.8592,33.3662],[-111.8618,33.3642],[-111.8591,33.3642],[-111.8591,33.3571],[-111.8418,33.357],[-111.8411,33.3788],[-111.8248,33.3789],[-111.8231,33.3828],[-111.8229,33.3915],[-111.8208,33.3915],[-111.8229,33.4027],[-111.8197,33.4025],[-111.823,33.4065],[-111.8224,33.4146],[-111.8566,33.4149],[-111.8592,33.404],[-111.8569,33.4029],[-111.8598,33.3984],[-111.8572,33.3931],[-111.8633,33.3905],[-111.864,33.3847],[-111.8595,33.3834],[-111.864,33.3796]]]},"properties":{"ZCTA5":"85210","CENTLAT":"+33.3895492","CENTLON":"-111.8433789"}},{"type":"Feature","geometry":{"type":"Polygon","coordinates":[[[-112.0832,33.6985],[-112.0681,33.6984],[-112.0772,33.6946],[-112.0654,33.6946],[-112.0656,33.6688],[-112.0741,33.6687],[-112.0742,33.6547],[-112.0363,33.655],[-112.0341,33.6514],[-112.0309,33.6605],[-112.0266,33.6606],[-112.0308,33.6623],[-112.0266,33.6669],[-112.0301,33.6668],[-112.031,33.6768],[-112.0138,33.6757],[-112.0298,33.6794],[-112.0311,33.6875],[-112.0084,33.7265],[-112.048,33.7264],[-112.0471,33.7102],[-112.0657,33.7038],[-112.0677,33.7121],[-112.0818,33.713],[-112.0768,33.7081],[-112.0825,33.7054],[-112.0832,33.6985]]]},"properties":{"ZCTA5":"85024","CENTLAT":"+33.6904505","CENTLON":"-112.0463162"}},{"type":"Feature","geometry":{"type":"Polygon","coordinates":[[[-112.1349,33.6983],[-112.1345,33.6546],[-112.1171,33.6547],[-112.1171,33.6474],[-112.1149,33.6472],[-112.1143,33.6547],[-112.1024,33.6525],[-112.0998,33.6547],[-112.0742,33.6547],[-112.0741,33.6687],[-112.0656,33.6688],[-112.0654,33.6946],[-112.0772,33.6946],[-112.0681,33.6984],[-112.1,33.6983],[-112.1,33.702],[-112.1026,33.6986],[-112.1243,33.7011],[-112.1349,33.6983]]]},"properties":{"ZCTA5":"85027","CENTLAT":"+33.6770885","CENTLON":"-112.1020463"}},{"type":"Feature","geometry":{"type":"Polygon","coordinates":[[[-113.3332,35.3464],[-113.333,34.7886],[-113.3287,34.7864],[-113.3299,34.7838],[-113.324,34.7847],[-113.3241,34.7797],[-113.3202,34.772],[-113.3162,34.7718],[-113.3159,34.7675],[-113.2984,34.7706],[-113.2762,34.7677],[-113.2663,34.7615],[-113.2625,34.764],[-113.2527,34.7459],[-113.2437,34.74],[-113.2337,34.7454],[-113.2338,34.7489],[-113.2281,34.749],[-113.2175,34.7629],[-113.2192,34.7693],[-113.2141,34.7698],[-113.2144,34.7786],[-113.2055,34.7799],[-113.1995,34.7864],[-113.2025,34.7893],[-113.1879,34.8016],[-113.1882,34.7971],[-113.1671,34.7813],[-113.1635,34.7846],[-113.165,34.7878],[-113.16,34.7873],[-113.1509,34.8009],[-113.1451,34.8032],[-113.1451,34.7665],[-113.134,34.7646],[-113.1191,34.769],[-113.1229,34.7719],[-113.1035,34.7805],[-113.0901,34.7763],[-113.0909,34.7809],[-113.0863,34.784],[-113.0847,34.7918],[-113.0767,34.7987],[-113.0689,34.7956],[-113.0425,34.797],[-113.0258,34.8002],[-113.0248,34.8038],[-112.9765,34.7983],[-112.9722,34.7888],[-112.969,34.7927],[-112.9639,34.7918],[-112.9744,34.8137],[-112.9686,34.8331],[-112.9596,34.8413],[-112.9556,34.8515],[-112.9604,34.8658],[-112.9576,34.8723],[-112.9764,34.8795],[-112.9798,34.8835],[-112.979,34.8879],[-112.9555,34.9014],[-112.9309,34.9097],[-112.925,34.9172],[-112.9092,34.9259],[-112.9523,34.9407],[-112.9695,34.9367],[-112.9896,34.9546],[-113.0105,34.9624],[-113.0192,34.9749],[-113.0235,34.9757],[-112.9584,34.9772],[-112.958,34.9829],[-112.8711,34.9841],[-112.8524,34.9998],[-112.8403,35.0036],[-112.8369,35.0145],[-112.8137,35.0251],[-112.8051,35.0182],[-112.7511,35.0196],[-112.7326,35.0106],[-112.7328,35.069],[-112.7533,35.0689],[-112.7544,35.0717],[-112.7468,35.0745],[-112.7371,35.089],[-112.7212,35.0922],[-112.7197,35.0984],[-112.7268,35.105],[-112.7252,35.1102],[-112.7318,35.1178],[-112.7221,35.1204],[-112.7085,35.1438],[-112.7088,35.1497],[-112.697,35.1587],[-112.6956,35.1664],[-112.6872,35.1688],[-112.6892,35.172],[-112.6866,35.1734],[-112.6857,35.185],[-112.6895,35.1888],[-112.6911,35.2019],[-112.7024,35.2131],[-112.701,35.2184],[-112.7072,35.2296],[-112.7208,35.239],[-112.7168,35.2592],[-112.7037,35.2773],[-112.7062,35.2807],[-112.7021,35.28],[-112.7069,35.2886],[-112.7056,35.2956],[-112.6966,35.3015],[-112.7017,35.3115],[-112.7344,35.3051],[-112.7549,35.3062],[-112.7641,35.3136],[-112.7851,35.3158],[-112.8037,35.3252],[-112.8964,35.3451],[-112.8927,35.3583],[-112.8866,35.3635],[-112.8387,35.3735],[-112.8354,35.3811],[-112.831,35.3828],[-112.8303,35.3916],[-112.8317,35.3976],[-112.8407,35.406],[-112.8471,35.4065],[-112.863,35.4194],[-112.8601,35.4296],[-112.8661,35.4358],[-112.8642,35.4393],[-112.8678,35.4407],[-112.8645,35.4445],[-112.8699,35.4442],[-112.8761,35.4496],[-112.876,35.4534],[-112.8814,35.455],[-112.8829,35.4634],[-112.8924,35.4733],[-112.8937,35.4844],[-112.9073,35.5064],[-112.8994,35.531],[-112.8935,35.532],[-112.8889,35.5393],[-112.8978,35.5523],[-112.8882,35.568],[-112.8902,35.579],[-112.8831,35.5833],[-112.8933,35.6077],[-112.9063,35.6183],[-112.9024,35.6268],[-112.9014,35.6448],[-112.6984,35.7051],[-112.6781,35.7072],[-112.717,35.7512],[-112.7221,35.7602],[-112.7195,35.7626],[-112.7436,35.8099],[-112.8099,35.7816],[-112.8106,35.7756],[-112.8325,35.7758],[-112.8305,35.7734],[-112.834,35.7724],[-112.8333,35.7664],[-112.8366,35.7682],[-112.8434,35.7655],[-112.8418,35.7613],[-112.8458,35.7527],[-112.8653,35.752],[-112.8751,35.7442],[-112.8813,35.7529],[-112.8787,35.7576],[-112.8823,35.7644],[-112.9129,35.7957],[-113.1919,35.6056],[-113.1945,35.591],[-113.2087,35.584],[-113.2304,35.53],[-113.2146,35.5253],[-113.1842,35.5079],[-113.1716,35.5055],[-113.1589,35.4976],[-113.1503,35.4864],[-113.1562,35.484],[-113.156,35.4727],[-113.1518,35.4646],[-113.1404,35.4598],[-113.1622,35.4682],[-113.1687,35.4847],[-113.1798,35.4924],[-113.1984,35.4957],[-113.2235,35.4945],[-113.2634,35.513],[-113.2506,35.4945],[-113.2583,35.4913],[-113.2561,35.4834],[-113.2581,35.4586],[-113.2199,35.4586],[-113.205,35.4777],[-113.2049,35.4876],[-113.1883,35.4876],[-113.1867,35.4782],[-113.2015,35.4731],[-113.1956,35.4658],[-113.1961,35.4586],[-113.2136,35.4586],[-113.2136,35.451],[-113.2225,35.4485],[-113.2227,35.4296],[-113.2667,35.4296],[-113.2669,35.4388],[-113.2757,35.4424],[-113.28,35.4504],[-113.2932,35.4545],[-113.2932,35.4587],[-113.2888,35.4589],[-113.2887,35.4673],[-113.2984,35.4748],[-113.3051,35.4762],[-113.3095,35.4697],[-113.333,35.4663],[-113.3332,35.3464]]]},"properties":{"ZCTA5":"86337","CENTLAT":"+35.2435595","CENTLON":"-113.0508000"}},{"type":"Feature","geometry":{"type":"Polygon","coordinates":[[[-112.3128,33.4932],[-112.2724,33.4938],[-112.2725,33.4614],[-112.2685,33.4648],[-112.238,33.4653],[-112.2378,33.4904],[-112.2414,33.4891],[-112.2423,33.4943],[-112.2378,33.4943],[-112.2377,33.5088],[-112.2768,33.5105],[-112.277,33.5083],[-112.3066,33.5075],[-112.3128,33.4932]]]},"properties":{"ZCTA5":"85037","CENTLAT":"+33.4903783","CENTLON":"-112.2648827"}},{"type":"Feature","geometry":{"type":"Polygon","coordinates":[[[-111.8591,33.3208],[-111.8591,33.3106],[-111.8569,33.3107],[-111.8591,33.3097],[-111.8589,33.2952],[-111.8561,33.292],[-111.8588,33.2915],[-111.8587,33.2874],[-111.8545,33.2873],[-111.8547,33.2915],[-111.8503,33.2916],[-111.8502,33.2873],[-111.8427,33.2874],[-111.8417,33.2916],[-111.807,33.2918],[-111.8069,33.2881],[-111.8026,33.2889],[-111.8026,33.2918],[-111.7896,33.2919],[-111.79,33.3143],[-111.8069,33.3137],[-111.8069,33.3281],[-111.8241,33.328],[-111.8242,33.3389],[-111.8331,33.3388],[-111.833,33.3613],[-111.8418,33.3613],[-111.8418,33.357],[-111.8591,33.3571],[-111.859,33.3381],[-111.8531,33.3381],[-111.8538,33.3351],[-111.8591,33.3351],[-111.8566,33.3249],[-111.8591,33.3208]]]},"properties":{"ZCTA5":"85225","CENTLAT":"+33.3174815","CENTLON":"-111.8316731"}},{"type":"Feature","geometry":{"type":"Polygon","coordinates":[[[-111.9782,33.7381],[-111.977,33.7172],[-111.9687,33.6987],[-111.96,33.6987],[-111.9598,33.7142],[-111.9522,33.7265],[-111.8906,33.7267],[-111.8912,33.8138],[-111.9086,33.8138],[-111.9087,33.8072],[-111.9129,33.8014],[-111.9114,33.8044],[-111.9158,33.8056],[-111.9108,33.8066],[-111.9187,33.807],[-111.9271,33.8066],[-111.9281,33.7993],[-111.9608,33.7992],[-111.9607,33.7847],[-111.9476,33.7848],[-111.9477,33.792],[-111.9455,33.7884],[-111.9347,33.7884],[-111.9346,33.7557],[-111.939,33.7546],[-111.939,33.7484],[-111.9346,33.7484],[-111.9347,33.7412],[-111.9488,33.7412],[-111.9509,33.7375],[-111.9542,33.7376],[-111.9542,33.7411],[-111.9781,33.7411],[-111.9782,33.7381]]]},"properties":{"ZCTA5":"85266","CENTLAT":"+33.7603603","CENTLON":"-111.9250144"}},{"type":"Feature","geometry":{"type":"Polygon","coordinates":[[[-112.1352,33.7982],[-112.1146,33.6999],[-112.1026,33.6986],[-112.1,33.702],[-112.1,33.6983],[-112.0832,33.6983],[-112.0825,33.7054],[-112.0768,33.7081],[-112.0818,33.713],[-112.0677,33.7121],[-112.0657,33.7038],[-112.0471,33.7102],[-112.048,33.7264],[-112.0264,33.7264],[-112.0204,33.7452],[-112.0128,33.7514],[-112.0164,33.7585],[-112.0242,33.762],[-112.0197,33.7703],[-112.0025,33.7803],[-112.0191,33.7991],[-112.0838,33.799],[-112.0915,33.8013],[-112.0998,33.7984],[-112.1352,33.7982]]]},"properties":{"ZCTA5":"85085","CENTLAT":"+33.7563546","CENTLON":"-112.0742689"}},{"type":"Feature","geometry":{"type":"Polygon","coordinates":[[[-111.8249,33.3797],[-111.754,33.3792],[-111.7539,33.3863],[-111.7473,33.3864],[-111.7538,33.3918],[-111.7505,33.3974],[-111.7538,33.401],[-111.7538,33.4082],[-111.7467,33.4083],[-111.7493,33.4124],[-111.7625,33.4118],[-111.7625,33.4143],[-111.7711,33.4099],[-111.7711,33.4155],[-111.7794,33.4154],[-111.7798,33.4112],[-111.7841,33.4154],[-111.8229,33.4151],[-111.823,33.4065],[-111.8197,33.4025],[-111.8229,33.4027],[-111.8208,33.3915],[-111.8229,33.3915],[-111.8249,33.3797]]]},"properties":{"ZCTA5":"85204","CENTLAT":"+33.3966554","CENTLON":"-111.7878324"}},{"type":"Feature","geometry":{"type":"Polygon","coordinates":[[[-112.2205,33.6881],[-112.2204,33.6817],[-112.1918,33.6816],[-112.1867,33.683],[-112.188,33.6906],[-112.1793,33.6974],[-112.1697,33.6978],[-112.1693,33.6685],[-112.1514,33.6696],[-112.1533,33.6778],[-112.1416,33.6844],[-112.1348,33.6838],[-112.135,33.7147],[-112.2033,33.7123],[-112.2031,33.6963],[-112.2203,33.6963],[-112.2205,33.6881]]]},"properties":{"ZCTA5":"85310","CENTLAT":"+33.6953045","CENTLON":"-112.1715850"}},{"type":"Feature","geometry":{"type":"Polygon","coordinates":[[[-111.961,33.4739],[-111.9435,33.4729],[-111.9436,33.4656],[-111.9391,33.4653],[-111.9394,33.4583],[-111.9263,33.4585],[-111.9265,33.4512],[-111.9093,33.4513],[-111.9096,33.4368],[-111.8911,33.4368],[-111.8883,33.4659],[-111.8918,33.4658],[-111.8918,33.4804],[-111.9331,33.4803],[-111.9348,33.4766],[-111.939,33.4765],[-111.9386,33.4729],[-111.9428,33.4802],[-111.9609,33.48],[-111.961,33.4739]]]},"properties":{"ZCTA5":"85257","CENTLAT":"+33.4635464","CENTLON":"-111.9148690"}},{"type":"Feature","geometry":{"type":"Polygon","coordinates":[[[-112.0361,33.6514],[-112.0309,33.6496],[-112.0336,33.646],[-112.0308,33.6432],[-112.032,33.6204],[-112.0231,33.6154],[-112.0226,33.6114],[-112.0305,33.605],[-112.0305,33.5967],[-112.0272,33.5968],[-112.0272,33.5935],[-112.024,33.5936],[-112.024,33.5968],[-111.9932,33.5973],[-111.9835,33.5946],[-111.9758,33.5973],[-111.9778,33.6261],[-111.9752,33.6275],[-111.9778,33.6274],[-111.9778,33.638],[-111.9747,33.6406],[-111.9776,33.6406],[-111.9753,33.6413],[-111.9774,33.6552],[-112.033,33.655],[-112.0326,33.6514],[-112.0361,33.6514]]]},"properties":{"ZCTA5":"85032","CENTLAT":"+33.6262408","CENTLON":"-112.0036690"}},{"type":"Feature","geometry":{"type":"Polygon","coordinates":[[[-112.1165,33.6109],[-112.0745,33.6076],[-112.0741,33.6148],[-112.0719,33.6148],[-112.0759,33.6341],[-112.0742,33.642],[-112.0785,33.6438],[-112.0742,33.6436],[-112.0742,33.6547],[-112.0998,33.6547],[-112.1024,33.6525],[-112.1143,33.6547],[-112.1165,33.6109]]]},"properties":{"ZCTA5":"85023","CENTLAT":"+33.6315531","CENTLON":"-112.0945207"}},{"type":"Feature","geometry":{"type":"Polygon","coordinates":[[[-112.1684,33.4077],[-112.1681,33.3957],[-112.153,33.3987],[-112.151,33.3776],[-112.1399,33.3777],[-112.1381,33.384],[-112.1338,33.3848],[-112.1338,33.3777],[-112.1165,33.3777],[-112.1172,33.345],[-112.1005,33.345],[-112.1005,33.3486],[-112.0921,33.3486],[-112.0919,33.3558],[-112.0732,33.3578],[-112.0757,33.3721],[-112.0732,33.3759],[-112.0755,33.3923],[-112.0733,33.4067],[-112.0765,33.4067],[-112.0734,33.4088],[-112.0733,33.4199],[-112.0822,33.4182],[-112.0851,33.4067],[-112.0905,33.4067],[-112.0909,33.4183],[-112.0997,33.4184],[-112.0995,33.4106],[-112.1339,33.4109],[-112.1348,33.4184],[-112.1431,33.4157],[-112.1421,33.4065],[-112.1684,33.4077]]]},"properties":{"ZCTA5":"85041","CENTLAT":"+33.3864389","CENTLON":"-112.1093219"}},{"type":"Feature","geometry":{"type":"Polygon","coordinates":[[[-112.0312,33.6855],[-112.0298,33.6794],[-112.0138,33.6757],[-112.031,33.6768],[-112.0301,33.6668],[-112.0266,33.6669],[-112.0302,33.665],[-112.0308,33.6623],[-112.0266,33.6606],[-112.0309,33.6605],[-112.0309,33.655],[-111.9774,33.6563],[-111.9683,33.6535],[-111.9634,33.6635],[-111.9698,33.6678],[-111.9676,33.6713],[-111.9774,33.6729],[-111.9735,33.6795],[-111.9768,33.6818],[-111.9687,33.6996],[-111.9766,33.716],[-111.9775,33.7266],[-112.0084,33.7265],[-112.0312,33.6855]]]},"properties":{"ZCTA5":"85050","CENTLAT":"+33.6873691","CENTLON":"-111.9985202"}},{"type":"Feature","geometry":{"type":"Polygon","coordinates":[[[-111.9774,33.6735],[-111.9676,33.6713],[-111.9698,33.6678],[-111.9634,33.6636],[-111.9683,33.6535],[-111.9552,33.6484],[-111.9489,33.6593],[-111.9403,33.6559],[-111.9433,33.6459],[-111.9256,33.645],[-111.9256,33.6987],[-111.9687,33.6987],[-111.9766,33.6822],[-111.9735,33.6795],[-111.9774,33.6735]]]},"properties":{"ZCTA5":"85054","CENTLAT":"+33.6751215","CENTLON":"-111.9476017"}},{"type":"Feature","geometry":{"type":"Polygon","coordinates":[[[-112.0492,33.3487],[-112.0491,33.3196],[-112.0163,33.3233],[-112.013,33.317],[-112.0156,33.3164],[-112.016,33.3105],[-112.0116,33.3098],[-112.0105,33.3053],[-111.9959,33.3052],[-111.9932,33.3077],[-111.9803,33.3053],[-111.9804,33.3089],[-111.9761,33.309],[-111.976,33.3053],[-111.9724,33.3053],[-111.9732,33.3491],[-111.9688,33.3772],[-111.9875,33.3763],[-111.9843,33.3709],[-111.9761,33.3709],[-111.9762,33.3636],[-111.997,33.3635],[-111.9969,33.3708],[-112.0144,33.3707],[-112.0144,33.3677],[-112.0245,33.3652],[-112.0315,33.3667],[-112.0318,33.3634],[-112.0402,33.363],[-112.0402,33.356],[-112.0488,33.356],[-112.0492,33.3487]]]},"properties":{"ZCTA5":"85044","CENTLAT":"+33.3399756","CENTLON":"-112.0061682"}},{"type":"Feature","geometry":{"type":"Polygon","coordinates":[[[-112.513,32.9426],[-112.5128,32.9001],[-112.4667,32.885],[-112.439,32.8721],[-112.3583,32.8513],[-112.2552,32.8422],[-112.2532,32.8091],[-112.2218,32.8031],[-112.2155,32.8092],[-112.2129,32.8202],[-112.2035,32.8328],[-112.2036,32.6836],[-112.1494,32.6815],[-112.1517,32.7231],[-112.0496,32.7236],[-112.0495,32.7676],[-111.9293,32.7676],[-111.9291,32.7784],[-111.9335,32.7861],[-111.9578,32.8097],[-111.9631,32.8109],[-111.9636,32.8284],[-111.98,32.8288],[-111.9952,32.8405],[-112.0064,32.8405],[-112.0073,32.8441],[-112.0147,32.844],[-112.013,32.8489],[-112.0155,32.8503],[-112.0319,32.8503],[-112.033,32.8644],[-112.0493,32.8751],[-112.049,33.0507],[-112.0378,33.05],[-112.0483,33.0565],[-112.0478,33.0652],[-112.0364,33.0871],[-112.2021,33.087],[-112.2023,33.1525],[-112.2718,33.1525],[-112.2718,33.1161],[-112.2803,33.1161],[-112.2802,33.1124],[-112.2718,33.109],[-112.2718,33.0728],[-112.2545,33.0727],[-112.2546,33.0597],[-112.2628,33.0577],[-112.2632,33.0632],[-112.2719,33.0648],[-112.2718,33.0554],[-112.3541,33.0337],[-112.432,32.9936],[-112.5111,32.9854],[-112.513,32.9426]]]},"properties":{"ZCTA5":"85139","CENTLAT":"+32.9208945","CENTLON":"-112.2110689"}},{"type":"Feature","geometry":{"type":"Polygon","coordinates":[[[-110.4515,32.514],[-110.4515,32.4275],[-110.269,32.4266],[-110.2709,32.4014],[-110.265,32.3887],[-110.2541,32.384],[-110.2516,32.3779],[-110.2504,32.2674],[-110.1942,32.2671],[-110.1928,32.2722],[-110.1871,32.2741],[-110.1885,32.276],[-110.163,32.2787],[-110.1498,32.2885],[-110.1376,32.2882],[-110.1276,32.2826],[-110.0883,32.2439],[-110.0763,32.2294],[-110.0852,32.2305],[-110.1027,32.2167],[-110.1166,32.2172],[-110.1434,32.1919],[-110.1519,32.1913],[-110.1606,32.1966],[-110.1828,32.1998],[-110.1914,32.204],[-110.2059,32.2002],[-110.2044,32.1785],[-110.1977,32.1742],[-110.1861,32.1745],[-110.172,32.1616],[-110.1652,32.1608],[-110.1545,32.1716],[-110.1351,32.1765],[-110.1076,32.1779],[-110.0827,32.1707],[-110.0678,32.1559],[-110.0812,32.1451],[-110.0796,32.1354],[-110.0688,32.1201],[-110.0702,32.108],[-110.0567,32.0993],[-110.0556,32.085],[-110.0516,32.0816],[-110.0375,32.0915],[-109.9957,32.1472],[-109.9791,32.1554],[-109.9808,32.1446],[-109.8407,32.1453],[-109.8412,32.0796],[-109.848,32.0795],[-109.8478,32.0505],[-109.8139,32.0504],[-109.813,31.9926],[-109.7959,31.9926],[-109.7961,31.9779],[-109.7625,31.978],[-109.7625,31.9638],[-109.7549,31.9653],[-109.7454,31.9572],[-109.7244,31.9581],[-109.7123,31.9611],[-109.7121,31.9635],[-109.5942,31.9637],[-109.593,31.9555],[-109.5752,31.9556],[-109.548,31.9488],[-109.4405,31.9489],[-109.4407,31.905],[-109.388,31.9057],[-109.3781,31.903],[-109.3722,31.9057],[-109.3379,31.9062],[-109.3377,31.8967],[-109.3217,31.8949],[-109.3134,31.9024],[-109.3186,31.9089],[-109.313,31.9178],[-109.3211,31.9336],[-109.3079,31.9483],[-109.3208,31.9693],[-109.2746,31.9708],[-109.2741,31.9765],[-109.2811,31.9823],[-109.2813,31.9901],[-109.2886,31.9993],[-109.2887,32.0063],[-109.284,32.0104],[-109.2924,32.0183],[-109.2961,32.0268],[-109.3,32.0586],[-109.3292,32.0541],[-109.3427,32.0704],[-109.3445,32.0956],[-109.3308,32.1128],[-109.3312,32.1175],[-109.3579,32.1248],[-109.3696,32.1322],[-109.3786,32.1297],[-109.3872,32.1204],[-109.3928,32.1226],[-109.397,32.1157],[-109.4022,32.1146],[-109.4246,32.1252],[-109.4544,32.1299],[-109.4729,32.1426],[-109.4647,32.1541],[-109.4796,32.1536],[-109.4904,32.1425],[-109.5111,32.1601],[-109.5132,32.1771],[-109.5186,32.1837],[-109.5201,32.1951],[-109.5136,32.1975],[-109.5114,32.2032],[-109.534,32.192],[-109.5471,32.1923],[-109.5536,32.1951],[-109.5538,32.1996],[-109.5752,32.2078],[-109.5855,32.2165],[-109.5975,32.2159],[-109.5994,32.2193],[-109.595,32.2282],[-109.5987,32.2285],[-109.588,32.2533],[-109.6123,32.2533],[-109.6072,32.2637],[-109.6406,32.2852],[-109.6315,32.3283],[-109.6197,32.3397],[-109.6099,32.3445],[-109.6074,32.3503],[-109.6154,32.3592],[-109.6229,32.3625],[-109.6815,32.3587],[-109.6813,32.3629],[-109.6912,32.3655],[-109.7054,32.3814],[-109.6798,32.4056],[-109.6712,32.4175],[-109.6711,32.4267],[-109.7895,32.4271],[-109.7899,32.5141],[-109.7863,32.5144],[-109.7865,32.5354],[-109.8045,32.5354],[-109.8049,32.5665],[-109.8484,32.5778],[-109.8562,32.5935],[-109.8705,32.5975],[-109.8727,32.6675],[-109.8868,32.6729],[-109.8848,32.6786],[-109.8953,32.6806],[-109.8968,32.6839],[-109.8941,32.6866],[-109.8996,32.6875],[-109.8998,32.6925],[-109.9076,32.6939],[-109.9137,32.7048],[-109.924,32.699],[-109.9349,32.7055],[-109.9401,32.7163],[-109.9569,32.7088],[-109.9655,32.7146],[-109.9667,32.719],[-109.976,32.7166],[-110.0032,32.7303],[-110.0069,32.7461],[-109.9903,32.7836],[-109.9914,32.7931],[-109.9849,32.8063],[-109.9736,32.8134],[-109.9574,32.8353],[-109.9637,32.8405],[-109.9915,32.8383],[-110.0132,32.8407],[-110.0221,32.8362],[-110.0268,32.828],[-110.0352,32.8262],[-110.0438,32.8159],[-110.0438,32.8309],[-110.0477,32.8344],[-110.0474,32.8405],[-110.0517,32.8414],[-110.0492,32.8441],[-110.0616,32.8496],[-110.1,32.8539],[-110.1098,32.8509],[-110.1196,32.8404],[-110.1376,32.844],[-110.1403,32.8511],[-110.139,32.861],[-110.1303,32.8684],[-110.1321,32.8758],[-110.1201,32.8757],[-110.114,32.8953],[-110.1005,32.9061],[-110.1367,32.9584],[-110.1909,32.9717],[-110.2304,32.9895],[-110.2815,32.9888],[-110.3132,32.9977],[-110.3717,33.0066],[-110.3951,33.0066],[-110.4174,32.9813],[-110.4361,32.9813],[-110.4494,32.9882],[-110.4485,32.5284],[-110.4492,32.514],[-110.4515,32.514]]]},"properties":{"ZCTA5":"85643","CENTLAT":"+32.4370231","CENTLON":"-109.9837697"}},{"type":"Feature","geometry":{"type":"Polygon","coordinates":[[[-112.4866,34.5617],[-112.4821,34.5577],[-112.4832,34.5534],[-112.4802,34.5516],[-112.4829,34.5522],[-112.4761,34.547],[-112.4772,34.5427],[-112.4606,34.5408],[-112.4493,34.5477],[-112.4213,34.5457],[-112.428,34.5519],[-112.4247,34.553],[-112.4011,34.5484],[-112.3888,34.5494],[-112.3735,34.5657],[-112.3693,34.5722],[-112.3781,34.5723],[-112.3779,34.5866],[-112.3861,34.5863],[-112.3861,34.5886],[-112.3862,34.6003],[-112.3817,34.6003],[-112.3814,34.6148],[-112.377,34.6149],[-112.3754,34.6305],[-112.3908,34.6324],[-112.3946,34.6342],[-112.3946,34.6436],[-112.4068,34.6442],[-112.3982,34.6579],[-112.3947,34.6758],[-112.3981,34.6816],[-112.4072,34.6688],[-112.4159,34.6628],[-112.412,34.6633],[-112.4133,34.6615],[-112.4281,34.6542],[-112.4357,34.6555],[-112.4324,34.6439],[-112.4425,34.6218],[-112.4602,34.6215],[-112.4603,34.6072],[-112.4516,34.6071],[-112.457,34.5991],[-112.4693,34.5938],[-112.4811,34.5833],[-112.4822,34.5648],[-112.4866,34.5617]],[[-112.4577,34.5556],[-112.447,34.5589],[-112.4499,34.5492],[-112.4554,34.5491],[-112.4577,34.5556]]]},"properties":{"ZCTA5":"86301","CENTLAT":"+34.5944441","CENTLON":"-112.4245260"}},{"type":"Feature","geometry":{"type":"MultiPolygon","coordinates":[[[[-113.1681,34.3704],[-113.0935,34.2448],[-113.0824,34.2414],[-113.0871,34.2303],[-113.0023,34.0419],[-113.0161,34.0032],[-113.0373,34.0],[-112.9174,33.9999],[-112.9069,34.0023],[-112.9231,34.0209],[-112.9247,34.0268],[-112.9188,34.0476],[-112.9206,34.0581],[-112.9047,34.0619],[-112.9048,34.0709],[-112.8975,34.0865],[-112.9064,34.0927],[-112.8989,34.1008],[-112.8447,34.0999],[-112.8216,34.0626],[-112.8171,34.0472],[-112.8173,34.0309],[-112.8089,34.0252],[-112.8193,34.0631],[-112.8088,34.0675],[-112.8004,34.0658],[-112.7957,34.071],[-112.7596,34.0712],[-112.7478,34.06],[-112.739,34.0567],[-112.7323,34.0583],[-112.7162,34.0488],[-112.7094,34.0711],[-112.6176,34.0712],[-112.6173,34.1128],[-112.6211,34.1126],[-112.6184,34.2776],[-112.6257,34.2792],[-112.6444,34.271],[-112.6534,34.255],[-112.669,34.2432],[-112.7184,34.2433],[-112.7183,34.2043],[-112.7253,34.1925],[-112.7288,34.1948],[-112.7291,34.1998],[-112.7539,34.2128],[-112.7537,34.2073],[-112.7615,34.2048],[-112.763,34.2015],[-112.7727,34.2042],[-112.7807,34.2013],[-112.7806,34.2061],[-112.7902,34.2044],[-112.8009,34.2079],[-112.8257,34.1825],[-112.8331,34.218],[-112.847,34.2269],[-112.8458,34.2337],[-112.8539,34.2323],[-112.8688,34.2419],[-112.888,34.2471],[-112.898,34.2552],[-112.9059,34.2796],[-112.9051,34.297],[-112.9202,34.3108],[-112.9402,34.368],[-112.9392,34.3731],[-112.9573,34.399],[-112.9736,34.4042],[-112.9893,34.4038],[-113.0093,34.3929],[-113.0091,34.3881],[-113.0144,34.3883],[-113.0241,34.382],[-113.0239,34.3761],[-113.034,34.3665],[-113.0519,34.357],[-113.0624,34.3605],[-113.0631,34.3549],[-113.0664,34.3553],[-113.0691,34.3657],[-113.0778,34.3669],[-113.0831,34.3639],[-113.0909,34.3658],[-113.0915,34.369],[-113.111,34.3726],[-113.1202,34.3667],[-113.1341,34.3656],[-113.1522,34.3707],[-113.1586,34.3686],[-113.1681,34.3704]]],[[[-112.6184,34.3163],[-112.6184,34.3159],[-112.6181,34.3161],[-112.6184,34.3163]]]]},"properties":{"ZCTA5":"85332","CENTLAT":"+34.1920740","CENTLON":"-112.8943500"}},{"type":"Feature","geometry":{"type":"MultiPolygon","coordinates":[[[[-111.3159,32.6111],[-111.2866,32.611],[-111.2607,32.6165],[-111.2368,32.6128],[-111.2091,32.6234],[-111.209,32.5988],[-111.0797,32.5984],[-111.0729,32.6012],[-111.0511,32.5977],[-110.9823,32.6012],[-110.9757,32.5958],[-110.965,32.5113],[-110.9276,32.5103],[-110.9356,32.46],[-110.9324,32.46],[-110.932,32.454],[-110.9265,32.459],[-110.9265,32.4513],[-110.9214,32.4514],[-110.9216,32.4606],[-110.9102,32.4607],[-110.9099,32.453],[-110.8763,32.4545],[-110.8761,32.4631],[-110.8121,32.4405],[-110.8121,32.447],[-110.7976,32.4691],[-110.795,32.4792],[-110.7913,32.4808],[-110.789,32.4881],[-110.7814,32.4923],[-110.7837,32.5],[-110.7814,32.5045],[-110.7858,32.5143],[-110.7818,32.5183],[-110.7842,32.5286],[-110.7813,32.5305],[-110.7857,32.5353],[-110.7844,32.542],[-110.789,32.5446],[-110.7889,32.5496],[-110.8069,32.5625],[-110.8364,32.572],[-110.826,32.5775],[-110.826,32.5841],[-110.8483,32.5919],[-110.8614,32.6047],[-110.8884,32.5935],[-110.9174,32.5765],[-110.9329,32.5568],[-110.9478,32.5746],[-110.9378,32.5877],[-110.9481,32.6067],[-110.8968,32.6144],[-110.8962,32.6215],[-110.8656,32.6215],[-110.8951,32.6773],[-110.8978,32.6878],[-110.88,32.6935],[-110.8943,32.712],[-110.9074,32.7089],[-110.9158,32.7033],[-110.9247,32.7028],[-110.927,32.6945],[-110.96,32.7071],[-110.9656,32.7121],[-110.9726,32.7115],[-111.0228,32.7365],[-111.0834,32.6959],[-111.0791,32.689],[-111.0966,32.7058],[-111.1291,32.7466],[-111.1425,32.7576],[-111.2186,32.6894],[-111.3159,32.6111]]],[[[-110.94,32.4426],[-110.9339,32.4403],[-110.9339,32.4435],[-110.94,32.4426]]]]},"properties":{"ZCTA5":"85739","CENTLAT":"+32.6137241","CENTLON":"-111.0074240"}},{"type":"Feature","geometry":{"type":"Polygon","coordinates":[[[-110.9325,32.8355],[-110.9273,32.8248],[-110.9167,32.8201],[-110.9141,32.8077],[-110.917,32.8001],[-110.9262,32.7917],[-110.9212,32.7716],[-110.6746,32.7716],[-110.6653,32.7548],[-110.6585,32.7489],[-110.655,32.7344],[-110.6652,32.7338],[-110.6789,32.7229],[-110.6886,32.7228],[-110.689,32.7136],[-110.6928,32.708],[-110.6901,32.7047],[-110.6934,32.7047],[-110.6935,32.701],[-110.7057,32.7011],[-110.7055,32.6939],[-110.714,32.6939],[-110.7138,32.6867],[-110.7228,32.6867],[-110.7228,32.6767],[-110.7165,32.6699],[-110.7176,32.6663],[-110.7352,32.6458],[-110.7361,32.6374],[-110.74,32.6358],[-110.7426,32.6282],[-110.6804,32.6243],[-110.6802,32.6305],[-110.6754,32.6371],[-110.6617,32.6454],[-110.6618,32.6493],[-110.6546,32.6524],[-110.6553,32.6562],[-110.6477,32.6629],[-110.6366,32.6564],[-110.6354,32.6449],[-110.6039,32.6446],[-110.5991,32.641],[-110.6008,32.6445],[-110.4486,32.6433],[-110.4485,32.7712],[-110.6714,32.7724],[-110.6762,32.7843],[-110.6836,32.7875],[-110.6831,32.7946],[-110.6886,32.8057],[-110.6973,32.8073],[-110.7091,32.8284],[-110.7206,32.8372],[-110.7295,32.8564],[-110.729,32.8678],[-110.7334,32.879],[-110.7292,32.8898],[-110.7327,32.898],[-110.7321,32.9086],[-110.772,32.9659],[-110.7825,32.9761],[-110.7918,32.9684],[-110.7918,32.9476],[-110.8395,32.9468],[-110.8484,32.9346],[-110.8908,32.915],[-110.892,32.907],[-110.8968,32.9036],[-110.897,32.8949],[-110.9047,32.8846],[-110.8928,32.8642],[-110.9164,32.8466],[-110.9177,32.8421],[-110.9325,32.8355]]]},"properties":{"ZCTA5":"85618","CENTLAT":"+32.7763497","CENTLON":"-110.6941786"}},{"type":"Feature","geometry":{"type":"Polygon","coordinates":[[[-110.9481,32.6067],[-110.9378,32.5877],[-110.9478,32.5746],[-110.9337,32.5569],[-110.9205,32.5739],[-110.9115,32.5805],[-110.8614,32.6047],[-110.8483,32.5919],[-110.826,32.5841],[-110.826,32.5775],[-110.8364,32.572],[-110.8069,32.5625],[-110.789,32.5498],[-110.789,32.5446],[-110.7844,32.542],[-110.7857,32.5353],[-110.7813,32.5305],[-110.7842,32.5286],[-110.7818,32.5183],[-110.7857,32.5138],[-110.6529,32.5138],[-110.6528,32.5374],[-110.6628,32.5398],[-110.6825,32.5382],[-110.6579,32.5474],[-110.6614,32.552],[-110.6669,32.5517],[-110.667,32.5571],[-110.6737,32.5629],[-110.665,32.5641],[-110.6798,32.5709],[-110.6841,32.5759],[-110.6778,32.5774],[-110.6803,32.5857],[-110.686,32.5886],[-110.6809,32.5931],[-110.6937,32.5996],[-110.6804,32.6243],[-110.7426,32.6282],[-110.74,32.6358],[-110.7361,32.6374],[-110.7352,32.6458],[-110.7176,32.6663],[-110.7165,32.6699],[-110.7228,32.6767],[-110.7228,32.6867],[-110.7138,32.6867],[-110.714,32.6939],[-110.7055,32.6939],[-110.7057,32.7011],[-110.6935,32.701],[-110.6934,32.7047],[-110.6901,32.7047],[-110.6928,32.708],[-110.689,32.7136],[-110.6886,32.7228],[-110.6789,32.7229],[-110.6652,32.7338],[-110.655,32.7344],[-110.6585,32.7489],[-110.6757,32.7722],[-110.9212,32.7716],[-110.9187,32.7647],[-110.9031,32.755],[-110.8976,32.7458],[-110.8953,32.7329],[-110.8879,32.7218],[-110.8947,32.7127],[-110.88,32.6933],[-110.8958,32.6894],[-110.8976,32.6862],[-110.887,32.6585],[-110.8655,32.6222],[-110.8693,32.6199],[-110.8962,32.6215],[-110.8968,32.6144],[-110.9481,32.6067]]]},"properties":{"ZCTA5":"85623","CENTLAT":"+32.6539868","CENTLON":"-110.7844972"}},{"type":"Feature","geometry":{"type":"Polygon","coordinates":[[[-112.1539,34.7595],[-112.1486,34.7538],[-112.1424,34.754],[-112.1373,34.7475],[-112.1311,34.7467],[-112.1341,34.7417],[-112.129,34.7385],[-112.1177,34.7447],[-112.1098,34.7397],[-112.0949,34.7444],[-112.0998,34.7501],[-112.0762,34.7614],[-112.0886,34.7611],[-112.1034,34.7677],[-112.087,34.7771],[-112.0832,34.7765],[-112.0885,34.7805],[-112.1035,34.7771],[-112.1196,34.7797],[-112.1256,34.7749],[-112.144,34.7698],[-112.1407,34.7655],[-112.1425,34.7631],[-112.1521,34.7624],[-112.1539,34.7595]]]},"properties":{"ZCTA5":"86331","CENTLAT":"+34.7600800","CENTLON":"-112.1170112"}},{"type":"Feature","geometry":{"type":"Polygon","coordinates":[[[-113.3351,33.4855],[-113.3339,33.1508],[-113.3236,33.1789],[-113.3031,33.1853],[-113.2891,33.2046],[-113.2347,33.2045],[-113.2285,33.2246],[-113.2218,33.2254],[-113.2152,33.2338],[-113.2056,33.2369],[-113.205,33.2407],[-113.1923,33.2358],[-113.1867,33.2381],[-113.1766,33.2313],[-113.1728,33.2276],[-113.172,33.2194],[-113.1617,33.2101],[-113.1605,33.2044],[-113.0333,33.2041],[-113.0142,33.2092],[-113.0065,33.2192],[-113.0027,33.2394],[-112.9744,33.2686],[-112.9371,33.2866],[-112.9294,33.2797],[-112.9236,33.2877],[-112.9028,33.3013],[-112.9454,33.3251],[-112.9536,33.3255],[-112.9537,33.3338],[-112.9023,33.3338],[-112.9022,33.327],[-112.8763,33.3263],[-112.8783,33.3372],[-112.8764,33.3776],[-112.8158,33.3774],[-112.8158,33.3629],[-112.7639,33.3631],[-112.7624,33.3575],[-112.7363,33.3643],[-112.7465,33.3776],[-112.7467,33.4139],[-112.751,33.4139],[-112.7511,33.4356],[-112.7554,33.4356],[-112.7606,33.4578],[-112.6773,33.4391],[-112.7295,33.4511],[-112.7296,33.4647],[-112.7123,33.4648],[-112.7301,33.4648],[-112.7296,33.4782],[-112.749,33.484],[-112.7408,33.5099],[-112.7458,33.5232],[-112.7408,33.5584],[-112.7375,33.5644],[-112.7411,33.5771],[-112.7347,33.5835],[-112.7353,33.588],[-112.7474,33.5879],[-112.7475,33.5952],[-112.7592,33.5953],[-112.7602,33.5762],[-112.7839,33.5776],[-112.7784,33.5645],[-112.7894,33.5616],[-112.7967,33.551],[-112.8043,33.5562],[-112.8033,33.5647],[-112.8077,33.5713],[-112.8046,33.5789],[-112.806,33.5917],[-112.8138,33.597],[-112.8194,33.5938],[-112.818,33.5803],[-112.8212,33.5665],[-112.8282,33.5693],[-112.8308,33.5663],[-112.8373,33.5683],[-112.8418,33.5654],[-112.8563,33.5735],[-112.8357,33.5911],[-112.8399,33.596],[-112.8501,33.5922],[-112.8606,33.5954],[-112.8683,33.5926],[-112.8795,33.5952],[-112.9077,33.5942],[-112.9143,33.5911],[-112.9339,33.601],[-112.9463,33.5952],[-112.9545,33.6057],[-112.9633,33.6084],[-113.0006,33.6085],[-112.9833,33.5668],[-113.0191,33.5513],[-113.0553,33.5413],[-113.063,33.5328],[-113.0866,33.5391],[-113.1013,33.5512],[-113.1617,33.5513],[-113.1618,33.5425],[-113.1557,33.5375],[-113.335,33.566],[-113.3351,33.4855]]]},"properties":{"ZCTA5":"85354","CENTLAT":"+33.4073656","CENTLON":"-113.0664825"}},{"type":"Feature","geometry":{"type":"Polygon","coordinates":[[[-112.5695,33.6614],[-112.529,33.6607],[-112.5302,33.6825],[-112.5237,33.6834],[-112.5127,33.6823],[-112.5042,33.6753],[-112.4845,33.6538],[-112.4787,33.6384],[-112.4603,33.6384],[-112.4513,33.6533],[-112.4181,33.6531],[-112.4178,33.6598],[-112.4097,33.6746],[-112.3922,33.6909],[-112.3599,33.6967],[-112.3602,33.7531],[-112.387,33.7531],[-112.3867,33.7615],[-112.398,33.7719],[-112.3948,33.7821],[-112.4818,33.7823],[-112.4819,33.7749],[-112.4731,33.7749],[-112.4731,33.7677],[-112.4644,33.7677],[-112.4644,33.7531],[-112.4469,33.7386],[-112.4469,33.7247],[-112.4603,33.7244],[-112.4464,33.7136],[-112.4569,33.7057],[-112.4612,33.7113],[-112.5129,33.71],[-112.5216,33.7143],[-112.5237,33.724],[-112.5401,33.7241],[-112.5613,33.6996],[-112.5488,33.6824],[-112.5558,33.6824],[-112.5695,33.6614]]]},"properties":{"ZCTA5":"85387","CENTLAT":"+33.7102678","CENTLON":"-112.4487033"}},{"type":"Feature","geometry":{"type":"Polygon","coordinates":[[[-112.3862,34.6003],[-112.3861,34.5863],[-112.3779,34.5866],[-112.3781,34.5723],[-112.3693,34.5722],[-112.3693,34.5686],[-112.3604,34.5701],[-112.3604,34.5618],[-112.3261,34.5534],[-112.325,34.5698],[-112.3221,34.5707],[-112.3026,34.5664],[-112.2668,34.5644],[-112.274,34.5657],[-112.2739,34.5691],[-112.2682,34.5674],[-112.2738,34.5707],[-112.2964,34.579],[-112.2968,34.586],[-112.281,34.5827],[-112.2707,34.5868],[-112.2799,34.6002],[-112.2728,34.6003],[-112.2723,34.6143],[-112.2812,34.6146],[-112.2815,34.6073],[-112.2858,34.6073],[-112.2859,34.6113],[-112.2901,34.6114],[-112.2897,34.6225],[-112.2948,34.6231],[-112.2978,34.6287],[-112.307,34.6288],[-112.3067,34.6421],[-112.377,34.6287],[-112.377,34.6149],[-112.3814,34.6148],[-112.3817,34.6003],[-112.3862,34.6003]]]},"properties":{"ZCTA5":"86314","CENTLAT":"+34.5982465","CENTLON":"-112.3307395"}},{"type":"Feature","geometry":{"type":"Polygon","coordinates":[[[-113.0264,33.2045],[-113.026,33.0865],[-113.0158,33.0737],[-113.0089,33.0786],[-112.9979,33.0603],[-112.9923,33.0563],[-112.9779,33.053],[-112.9671,33.0577],[-112.9592,33.0573],[-112.9316,33.0452],[-112.9154,33.0437],[-112.9103,33.0378],[-112.887,33.0386],[-112.875,33.0456],[-112.8554,33.0451],[-112.8359,33.0306],[-112.8236,33.026],[-112.8202,33.0371],[-112.8073,33.0262],[-112.7794,33.0223],[-112.7766,33.0193],[-112.7781,33.0135],[-112.767,33.0056],[-112.7591,33.0098],[-112.7507,33.0054],[-112.7474,33.009],[-112.736,33.0099],[-112.7112,33.0023],[-112.7025,33.0054],[-112.6946,33.0126],[-112.6814,33.041],[-112.6827,33.0522],[-112.6882,33.0613],[-112.6827,33.0772],[-112.691,33.0916],[-112.6964,33.1212],[-112.7019,33.1304],[-112.7025,33.1565],[-112.7092,33.1706],[-112.7249,33.1903],[-112.756,33.2047],[-112.7692,33.2201],[-112.7667,33.2295],[-112.7682,33.251],[-112.7635,33.2621],[-112.7745,33.2768],[-112.7653,33.2915],[-112.7701,33.2966],[-112.7558,33.3115],[-112.7376,33.3118],[-112.7276,33.3073],[-112.7087,33.3124],[-112.7118,33.3124],[-112.7116,33.3339],[-112.7149,33.3339],[-112.7217,33.3485],[-112.7364,33.3643],[-112.7624,33.3575],[-112.7639,33.3631],[-112.8158,33.3629],[-112.8158,33.3774],[-112.8764,33.3776],[-112.8783,33.3372],[-112.8763,33.3263],[-112.9022,33.327],[-112.9023,33.3338],[-112.9537,33.3338],[-112.9536,33.3255],[-112.9454,33.3251],[-112.9028,33.3013],[-112.9236,33.2877],[-112.9294,33.2797],[-112.9371,33.2866],[-112.974,33.2689],[-113.0027,33.2394],[-113.0065,33.2192],[-113.0108,33.2125],[-113.0264,33.2045]]]},"properties":{"ZCTA5":"85322","CENTLAT":"+33.1765402","CENTLON":"-112.8520591"}},{"type":"Feature","geometry":{"type":"Polygon","coordinates":[[[-112.7886,33.725],[-112.7471,33.7242],[-112.7471,33.7114],[-112.7298,33.7114],[-112.7298,33.7241],[-112.7124,33.7241],[-112.7124,33.7114],[-112.6951,33.7114],[-112.6951,33.7041],[-112.6865,33.7041],[-112.6865,33.6968],[-112.6778,33.6968],[-112.6778,33.7242],[-112.6813,33.7262],[-112.6646,33.7257],[-112.6552,33.7333],[-112.6553,33.7387],[-112.6253,33.7387],[-112.623,33.6904],[-112.6085,33.7026],[-112.6085,33.6876],[-112.5726,33.6918],[-112.5627,33.6982],[-112.5393,33.7244],[-112.5237,33.724],[-112.5216,33.7143],[-112.5129,33.71],[-112.4612,33.7113],[-112.4569,33.7057],[-112.4464,33.7136],[-112.4603,33.7244],[-112.4469,33.7247],[-112.4469,33.7386],[-112.4644,33.7531],[-112.4644,33.7677],[-112.4731,33.7677],[-112.4731,33.7749],[-112.4819,33.7749],[-112.4818,33.7823],[-112.5162,33.7822],[-112.5162,33.8112],[-112.5336,33.8112],[-112.5335,33.7964],[-112.5508,33.7965],[-112.5511,33.7822],[-112.6323,33.7822],[-112.6323,33.8299],[-112.625,33.8522],[-112.6469,33.8483],[-112.6613,33.8524],[-112.6629,33.8272],[-112.6662,33.8213],[-112.6718,33.8201],[-112.6683,33.8119],[-112.664,33.8112],[-112.664,33.7931],[-112.6596,33.7931],[-112.6596,33.7858],[-112.664,33.7858],[-112.664,33.7822],[-112.6797,33.7823],[-112.6747,33.7895],[-112.6788,33.8041],[-112.7076,33.804],[-112.7075,33.8806],[-112.7152,33.8757],[-112.7245,33.8826],[-112.7278,33.8786],[-112.7344,33.8807],[-112.7382,33.878],[-112.7402,33.8669],[-112.7368,33.8614],[-112.7434,33.8617],[-112.7493,33.8572],[-112.7566,33.8609],[-112.7583,33.8556],[-112.7636,33.8531],[-112.7656,33.8405],[-112.7569,33.8355],[-112.7571,33.8312],[-112.7598,33.8239],[-112.7683,33.8229],[-112.7575,33.8155],[-112.7562,33.8114],[-112.7595,33.8113],[-112.7596,33.7932],[-112.7769,33.7932],[-112.7769,33.7823],[-112.7421,33.7787],[-112.7421,33.775],[-112.7769,33.775],[-112.7769,33.7714],[-112.7595,33.7714],[-112.7622,33.7662],[-112.7553,33.7404],[-112.7629,33.7325],[-112.7769,33.7345],[-112.7886,33.725]]]},"properties":{"ZCTA5":"85361","CENTLAT":"+33.7661867","CENTLON":"-112.6308998"}},{"type":"Feature","geometry":{"type":"Polygon","coordinates":[[[-111.4772,32.5015],[-111.3609,32.5014],[-111.3731,32.5287],[-111.3022,32.5483],[-111.3394,32.5927],[-111.3443,32.5885],[-111.4034,32.5886],[-111.3978,32.5823],[-111.3979,32.5703],[-111.407,32.5703],[-111.4149,32.5762],[-111.4154,32.5703],[-111.424,32.5667],[-111.4219,32.5595],[-111.4179,32.559],[-111.4658,32.5593],[-111.4657,32.5206],[-111.4762,32.509],[-111.4745,32.5049],[-111.4772,32.5015]]]},"properties":{"ZCTA5":"85145","CENTLAT":"+32.5431876","CENTLON":"-111.3941371"}},{"type":"Feature","geometry":{"type":"Polygon","coordinates":[[[-113.3351,33.7046],[-113.3351,33.6386],[-113.3006,33.6386],[-113.3006,33.6618],[-113.2943,33.6609],[-113.2876,33.6693],[-113.2734,33.6781],[-113.2644,33.6782],[-113.2229,33.6655],[-113.16,33.6678],[-113.1272,33.6558],[-113.1272,33.7245],[-113.142,33.7246],[-113.1416,33.9513],[-113.1114,33.9728],[-113.0917,33.9757],[-113.0841,33.9704],[-113.0605,33.9732],[-113.0591,33.9783],[-113.0481,33.9855],[-113.0452,34.0],[-113.3338,34.0],[-113.3351,33.7046]]]},"properties":{"ZCTA5":"85320","CENTLAT":"+33.8355753","CENTLON":"-113.2322010"}},{"type":"Feature","geometry":{"type":"Polygon","coordinates":[[[-111.9784,33.3928],[-111.9777,33.3805],[-111.9671,33.377],[-111.9492,33.3807],[-111.9451,33.3782],[-111.9523,33.3855],[-111.9437,33.3855],[-111.9439,33.3782],[-111.9092,33.3784],[-111.9077,33.3807],[-111.8932,33.3785],[-111.8913,33.3857],[-111.8807,33.3857],[-111.8798,33.388],[-111.8883,33.4111],[-111.8903,33.4075],[-111.8941,33.4102],[-111.8985,33.4075],[-111.8984,33.4111],[-111.9005,33.4075],[-111.9026,33.4101],[-111.9091,33.4075],[-111.9091,33.411],[-111.9154,33.411],[-111.9177,33.4075],[-111.9584,33.4074],[-111.9778,33.4159],[-111.9762,33.4219],[-111.9784,33.4219],[-111.9784,33.3928]]]},"properties":{"ZCTA5":"85282","CENTLAT":"+33.3942880","CENTLON":"-111.9323917"}},{"type":"Feature","geometry":{"type":"Polygon","coordinates":[[[-112.3112,33.5654],[-112.3091,33.5508],[-112.2378,33.552],[-112.2378,33.5593],[-112.2117,33.5598],[-112.2205,33.5669],[-112.2116,33.5671],[-112.2116,33.5634],[-112.2073,33.5635],[-112.2052,33.5599],[-112.203,33.57],[-112.2072,33.5719],[-112.203,33.5712],[-112.2029,33.5843],[-112.2065,33.5826],[-112.2065,33.5865],[-112.2029,33.5865],[-112.2028,33.5962],[-112.2605,33.5939],[-112.2639,33.5877],[-112.2725,33.5873],[-112.2726,33.5734],[-112.2761,33.5657],[-112.3112,33.5654]]]},"properties":{"ZCTA5":"85345","CENTLAT":"+33.5721552","CENTLON":"-112.2483914"}},{"type":"Feature","geometry":{"type":"Polygon","coordinates":[[[-111.9601,33.7062],[-111.96,33.6987],[-111.9256,33.6987],[-111.9256,33.645],[-111.9433,33.6459],[-111.9403,33.6559],[-111.9489,33.6593],[-111.9552,33.6484],[-111.9385,33.6404],[-111.8976,33.6327],[-111.8966,33.6365],[-111.9074,33.6402],[-111.8659,33.6402],[-111.8613,33.6437],[-111.8608,33.6322],[-111.87,33.6251],[-111.8586,33.6115],[-111.8394,33.6115],[-111.8298,33.6191],[-111.8204,33.6398],[-111.8372,33.6396],[-111.8372,33.6443],[-111.8126,33.6443],[-111.8045,33.6409],[-111.796,33.6534],[-111.7874,33.6534],[-111.7874,33.6401],[-111.6985,33.6405],[-111.6888,33.7089],[-111.6834,33.7098],[-111.6835,33.7269],[-111.7872,33.7269],[-111.7875,33.7237],[-111.8162,33.7272],[-111.9522,33.7265],[-111.9598,33.7142],[-111.9601,33.7062]]]},"properties":{"ZCTA5":"85255","CENTLAT":"+33.6824103","CENTLON":"-111.8176775"}},{"type":"Feature","geometry":{"type":"Polygon","coordinates":[[[-111.7873,33.6213],[-111.7873,33.6114],[-111.7702,33.6114],[-111.7701,33.6056],[-111.764,33.6052],[-111.761,33.5996],[-111.7612,33.5899],[-111.7701,33.5897],[-111.7701,33.5679],[-111.7084,33.5679],[-111.6985,33.6405],[-111.7874,33.6401],[-111.7873,33.6213]]]},"properties":{"ZCTA5":"85268","CENTLAT":"+33.6071744","CENTLON":"-111.7399916"}},{"type":"Feature","geometry":{"type":"MultiPolygon","coordinates":[[[[-112.0785,33.6438],[-112.0742,33.642],[-112.0726,33.6008],[-112.0651,33.6076],[-112.0588,33.6073],[-112.0379,33.5969],[-112.0384,33.5895],[-112.0327,33.5895],[-112.0344,33.5958],[-112.0305,33.5962],[-112.0305,33.605],[-112.0226,33.6114],[-112.0232,33.6165],[-112.032,33.6204],[-112.0308,33.6432],[-112.0336,33.646],[-112.0309,33.6496],[-112.0356,33.6495],[-112.0363,33.655],[-112.0742,33.6547],[-112.0742,33.6436],[-112.0785,33.6438]]],[[[-112.0341,33.6532],[-112.0341,33.6514],[-112.0326,33.6514],[-112.0341,33.6532]]]]},"properties":{"ZCTA5":"85022","CENTLAT":"+33.6268736","CENTLON":"-112.0511412"}},{"type":"Feature","geometry":{"type":"Polygon","coordinates":[[[-112.2401,33.6385],[-112.2027,33.6362],[-112.1908,33.6386],[-112.184,33.6356],[-112.1778,33.6389],[-112.1645,33.637],[-112.1648,33.6391],[-112.1344,33.6396],[-112.1348,33.6838],[-112.1416,33.6844],[-112.1533,33.6778],[-112.1514,33.6696],[-112.1693,33.6685],[-112.1697,33.6978],[-112.1758,33.6978],[-112.1878,33.6908],[-112.1867,33.683],[-112.2225,33.6816],[-112.2356,33.6599],[-112.2401,33.6385]]]},"properties":{"ZCTA5":"85308","CENTLAT":"+33.6602808","CENTLON":"-112.1849144"}},{"type":"Feature","geometry":{"type":"Polygon","coordinates":[[[-111.8229,33.4172],[-111.8169,33.4133],[-111.7826,33.4154],[-111.7826,33.4193],[-111.7881,33.4227],[-111.7877,33.4492],[-111.7838,33.4518],[-111.7876,33.4518],[-111.7898,33.4606],[-111.7873,33.4691],[-111.7832,33.4691],[-111.7832,33.4745],[-111.7874,33.4745],[-111.7875,33.4891],[-111.8135,33.4838],[-111.8221,33.4734],[-111.8202,33.4601],[-111.8224,33.4601],[-111.8226,33.4378],[-111.8165,33.4421],[-111.8161,33.4368],[-111.8226,33.4368],[-111.8208,33.426],[-111.8229,33.4172]]]},"properties":{"ZCTA5":"85203","CENTLAT":"+33.4499905","CENTLON":"-111.8040340"}},{"type":"Feature","geometry":{"type":"Polygon","coordinates":[[[-111.8936,33.2914],[-111.8933,33.2614],[-111.8438,33.2636],[-111.8414,33.2621],[-111.8413,33.2476],[-111.8369,33.2477],[-111.8369,33.2549],[-111.8254,33.2551],[-111.8296,33.2478],[-111.7726,33.2486],[-111.7728,33.2631],[-111.7816,33.263],[-111.7749,33.2739],[-111.7896,33.2738],[-111.7896,33.2919],[-111.8026,33.2918],[-111.8026,33.2889],[-111.8069,33.2881],[-111.807,33.2918],[-111.8417,33.2916],[-111.8427,33.2874],[-111.8502,33.2873],[-111.8503,33.2916],[-111.8547,33.2915],[-111.8545,33.2873],[-111.8587,33.2874],[-111.8588,33.2915],[-111.8762,33.2914],[-111.8762,33.2873],[-111.8936,33.2914]]]},"properties":{"ZCTA5":"85286","CENTLAT":"+33.2714700","CENTLON":"-111.8315501"}},{"type":"Feature","geometry":{"type":"Polygon","coordinates":[[[-111.9956,33.272],[-111.9954,33.2047],[-111.8931,33.2047],[-111.8931,33.2192],[-111.92,33.2193],[-111.9481,33.2556],[-111.9342,33.2608],[-111.8934,33.2614],[-111.8932,33.2483],[-111.8934,33.3276],[-111.9197,33.3274],[-111.9197,33.3237],[-111.928,33.3237],[-111.9282,33.3201],[-111.9457,33.3236],[-111.9458,33.3273],[-111.9533,33.3273],[-111.9558,33.3201],[-111.9632,33.32],[-111.9633,33.3271],[-111.9722,33.3271],[-111.9715,33.2908],[-111.9954,33.2907],[-111.9956,33.272]]]},"properties":{"ZCTA5":"85226","CENTLAT":"+33.2651926","CENTLON":"-111.9463894"}},{"type":"Feature","geometry":{"type":"Polygon","coordinates":[[[-111.8402,33.204],[-111.8224,33.1949],[-111.7576,33.1402],[-111.7407,33.1221],[-111.7376,33.1213],[-111.7374,33.1268],[-111.7302,33.1357],[-111.722,33.1367],[-111.714,33.1331],[-111.708,33.1359],[-111.6977,33.1495],[-111.686,33.1461],[-111.686,33.1177],[-111.5773,33.1182],[-111.5797,33.168],[-111.5863,33.1771],[-111.5813,33.1847],[-111.583,33.2632],[-111.5634,33.2635],[-111.5634,33.2928],[-111.5806,33.2925],[-111.5806,33.278],[-111.5832,33.2774],[-111.6696,33.2779],[-111.6862,33.2883],[-111.6856,33.2494],[-111.7032,33.2485],[-111.7032,33.2465],[-111.6945,33.2452],[-111.6945,33.2416],[-111.6858,33.2419],[-111.6858,33.2345],[-111.6881,33.2344],[-111.6859,33.2196],[-111.7205,33.2193],[-111.7205,33.212],[-111.7291,33.2121],[-111.7294,33.2047],[-111.8402,33.204]]]},"properties":{"ZCTA5":"85142","CENTLAT":"+33.1929925","CENTLON":"-111.6664740"}},{"type":"Feature","geometry":{"type":"Polygon","coordinates":[[[-113.6364,32.7597],[-113.6169,32.767],[-113.3337,32.7679],[-113.3338,32.8378],[-113.2642,32.8463],[-113.213,32.8583],[-113.1678,32.8629],[-113.0721,32.8888],[-113.0232,32.8971],[-113.0235,32.9411],[-113.0271,32.941],[-113.026,33.0294],[-113.0478,33.0237],[-113.1235,33.0254],[-113.1247,33.0292],[-113.1344,33.0341],[-113.171,33.0256],[-113.1943,33.038],[-113.2029,33.0468],[-113.2085,33.0748],[-113.2127,33.0795],[-113.1847,33.0913],[-113.1644,33.0925],[-113.1446,33.0979],[-113.0996,33.1391],[-113.0922,33.1412],[-113.0898,33.1481],[-113.0618,33.1702],[-113.0266,33.2044],[-113.1605,33.2044],[-113.1617,33.2101],[-113.172,33.2194],[-113.1728,33.2276],[-113.1766,33.2313],[-113.1867,33.2381],[-113.1923,33.2358],[-113.205,33.2407],[-113.2056,33.2369],[-113.2152,33.2338],[-113.2218,33.2254],[-113.2285,33.2246],[-113.2347,33.2045],[-113.2891,33.2046],[-113.3031,33.1853],[-113.3236,33.1789],[-113.3339,33.1508],[-113.3338,33.117],[-113.4776,33.117],[-113.4863,33.0904],[-113.4873,33.0756],[-113.4814,33.0458],[-113.4817,33.0296],[-113.5107,33.0298],[-113.5116,33.0266],[-113.5109,32.9636],[-113.5045,32.9637],[-113.5047,32.9569],[-113.5148,32.9566],[-113.515,32.9498],[-113.5107,32.9426],[-113.3402,33.0205],[-113.5593,32.9207],[-113.5583,32.9057],[-113.5627,32.9056],[-113.5628,32.8983],[-113.5412,32.8984],[-113.5411,32.8585],[-113.5539,32.86],[-113.5648,32.8546],[-113.6056,32.8546],[-113.6055,32.8455],[-113.598,32.8424],[-113.5873,32.7782],[-113.6364,32.7597]]]},"properties":{"ZCTA5":"85333","CENTLAT":"+32.9789123","CENTLON":"-113.3073153"}},{"type":"Feature","geometry":{"type":"MultiPolygon","coordinates":[[[[-111.6077,33.4167],[-111.5904,33.4151],[-111.5904,33.4114],[-111.598,33.4115],[-111.598,33.4078],[-111.5807,33.4078],[-111.5811,33.4009],[-111.5851,33.4031],[-111.585,33.3969],[-111.5806,33.3969],[-111.5807,33.3787],[-111.5841,33.3788],[-111.5837,33.3366],[-111.5771,33.3292],[-111.5432,33.307],[-111.524,33.3072],[-111.5291,33.3271],[-111.5509,33.3615],[-111.5612,33.366],[-111.5608,33.3788],[-111.5461,33.3788],[-111.5461,33.4005],[-111.5527,33.4009],[-111.5535,33.4041],[-111.5494,33.4075],[-111.5516,33.4078],[-111.5504,33.4116],[-111.5461,33.4127],[-111.5482,33.4296],[-111.5461,33.4296],[-111.5461,33.4549],[-111.5483,33.4567],[-111.5461,33.4567],[-111.5461,33.4659],[-111.5817,33.466],[-111.5817,33.4606],[-111.5871,33.4587],[-111.5806,33.4586],[-111.5807,33.4223],[-111.6077,33.4223],[-111.6077,33.4167]],[[-111.548,33.4226],[-111.5464,33.4239],[-111.5464,33.4226],[-111.548,33.4226]]],[[[-111.614,33.4154],[-111.6079,33.4151],[-111.6079,33.4196],[-111.614,33.4154]]]]},"properties":{"ZCTA5":"85120","CENTLAT":"+33.3870031","CENTLON":"-111.5631137"}},{"type":"Feature","geometry":{"type":"Polygon","coordinates":[[[-111.7875,33.4845],[-111.7873,33.4809],[-111.7564,33.4829],[-111.748,33.4805],[-111.7534,33.4754],[-111.7534,33.4519],[-111.7398,33.4518],[-111.7362,33.4425],[-111.7317,33.4518],[-111.7163,33.4519],[-111.7165,33.4488],[-111.712,33.4519],[-111.7096,33.4496],[-111.7015,33.4519],[-111.7016,33.4482],[-111.6929,33.4483],[-111.6928,33.4519],[-111.6755,33.4515],[-111.6839,33.4726],[-111.6839,33.4953],[-111.6038,33.4958],[-111.6004,33.4861],[-111.6031,33.4672],[-111.4801,33.4659],[-111.466,33.4951],[-111.456,33.5086],[-111.4581,33.5182],[-111.4501,33.5213],[-111.4541,33.525],[-111.4535,33.539],[-111.4481,33.5452],[-111.4443,33.5434],[-111.4435,33.5389],[-111.4438,33.5433],[-111.438,33.5484],[-111.4487,33.5569],[-111.46,33.5552],[-111.4647,33.5642],[-111.4728,33.5588],[-111.4818,33.5585],[-111.4841,33.5719],[-111.4815,33.5733],[-111.493,33.5805],[-111.4966,33.5807],[-111.4952,33.575],[-111.503,33.5686],[-111.4967,33.5613],[-111.5064,33.5569],[-111.5118,33.5588],[-111.517,33.566],[-111.5147,33.5735],[-111.5332,33.576],[-111.5383,33.5724],[-111.542,33.5751],[-111.5445,33.5679],[-111.5398,33.5587],[-111.5573,33.5515],[-111.5754,33.5542],[-111.5751,33.5569],[-111.5814,33.558],[-111.5932,33.5492],[-111.6033,33.5489],[-111.6065,33.557],[-111.6135,33.5607],[-111.6225,33.5548],[-111.6347,33.5554],[-111.6461,33.549],[-111.6514,33.5502],[-111.6689,33.5451],[-111.672,33.5411],[-111.6728,33.5274],[-111.6788,33.5174],[-111.6932,33.5191],[-111.6908,33.5141],[-111.7108,33.5049],[-111.7278,33.4863],[-111.7316,33.4882],[-111.7409,33.4823],[-111.7443,33.4847],[-111.7875,33.4845]],[[-111.6841,33.4593],[-111.6798,33.4619],[-111.68,33.4588],[-111.6841,33.4593]]]},"properties":{"ZCTA5":"85215","CENTLAT":"+33.5110112","CENTLON":"-111.5803045"}},{"type":"Feature","geometry":{"type":"Polygon","coordinates":[[[-111.9262,33.5749],[-111.9261,33.5517],[-111.9156,33.5383],[-111.8816,33.5384],[-111.8791,33.5535],[-111.8691,33.5535],[-111.8598,33.568],[-111.8457,33.5698],[-111.848,33.5825],[-111.9208,33.5821],[-111.9262,33.5749]]]},"properties":{"ZCTA5":"85258","CENTLAT":"+33.5633644","CENTLON":"-111.8926959"}},{"type":"Feature","geometry":{"type":"Polygon","coordinates":[[[-112.113,33.4848],[-112.113,33.4806],[-112.0914,33.4805],[-112.0905,33.5385],[-112.0954,33.5386],[-112.0956,33.5358],[-112.1122,33.5386],[-112.113,33.4848]]]},"properties":{"ZCTA5":"85015","CENTLAT":"+33.5090629","CENTLON":"-112.1018047"}},{"type":"Feature","geometry":{"type":"Polygon","coordinates":[[[-111.6958,33.3433],[-111.6956,33.336],[-111.6872,33.3361],[-111.6891,33.3052],[-111.6864,33.2885],[-111.6696,33.2779],[-111.5832,33.2774],[-111.5806,33.278],[-111.5806,33.2925],[-111.5634,33.2928],[-111.5634,33.3203],[-111.5837,33.3366],[-111.5839,33.3618],[-111.5998,33.3644],[-111.6877,33.365],[-111.6876,33.3621],[-111.6919,33.3634],[-111.6876,33.3614],[-111.6873,33.3433],[-111.6958,33.3433]]]},"properties":{"ZCTA5":"85212","CENTLAT":"+33.3206353","CENTLON":"-111.6308780"}},{"type":"Feature","geometry":{"type":"Polygon","coordinates":[[[-112.7028,32.0763],[-112.6993,32.0668],[-112.7011,32.0633],[-112.6959,32.0598],[-112.696,32.056],[-112.6878,32.0519],[-112.6866,32.0448],[-112.6909,32.0274],[-112.6827,32.014],[-112.6646,32.0076],[-112.6556,31.9991],[-112.6629,31.9828],[-112.6576,31.9596],[-112.6615,31.9565],[-112.6598,31.9513],[-112.6566,31.9521],[-112.6497,31.9424],[-112.6237,31.9241],[-112.6238,31.8955],[-112.607,31.8956],[-112.6078,31.8158],[-111.6231,31.5079],[-111.6231,31.5501],[-111.5943,31.5502],[-111.5942,31.5523],[-111.6003,31.5621],[-111.6091,31.5612],[-111.6195,31.5675],[-111.6275,31.5653],[-111.6379,31.57],[-111.6432,31.5764],[-111.6454,31.5749],[-111.6508,31.5831],[-111.6516,31.5896],[-111.6454,31.5924],[-111.6453,31.5963],[-111.6516,31.6015],[-111.648,31.6214],[-111.6373,31.6341],[-111.6369,31.6429],[-111.6439,31.6488],[-111.6344,31.6749],[-111.6407,31.6746],[-111.6411,31.6701],[-111.6452,31.6689],[-111.6506,31.6606],[-111.658,31.6623],[-111.6603,31.6593],[-111.6731,31.6569],[-111.7035,31.6619],[-111.7126,31.6599],[-111.7119,31.6637],[-111.7208,31.664],[-111.7216,31.6787],[-111.7304,31.6775],[-111.7305,31.6817],[-111.7218,31.6812],[-111.7234,31.6879],[-111.7063,31.6923],[-111.7047,31.6998],[-111.6968,31.7046],[-111.7359,31.7085],[-111.7384,31.7215],[-111.7047,31.7397],[-111.7027,31.7521],[-111.7612,31.7306],[-111.7832,31.7305],[-111.7905,31.759],[-111.8095,31.7909],[-111.8407,31.7942],[-111.8443,31.7992],[-111.8484,31.7984],[-111.8488,31.8034],[-111.8552,31.8048],[-111.8533,31.8156],[-111.8374,31.8299],[-111.8337,31.8242],[-111.8291,31.8261],[-111.8255,31.817],[-111.8051,31.8185],[-111.801,31.8142],[-111.7709,31.8144],[-111.7271,31.8093],[-111.7174,31.8046],[-111.702,31.8116],[-111.6805,31.8093],[-111.6818,31.8112],[-111.6744,31.8169],[-111.6744,31.8267],[-111.6515,31.8383],[-111.6604,31.8423],[-111.6548,31.862],[-111.6351,31.8755],[-111.6289,31.8773],[-111.6211,31.8752],[-111.6191,31.8831],[-111.6216,31.8872],[-111.617,31.8923],[-111.6094,31.8935],[-111.6062,31.8985],[-111.6052,31.8947],[-111.5817,31.8948],[-111.5812,31.9237],[-111.5475,31.9227],[-111.5481,31.9524],[-111.5396,31.9521],[-111.5385,31.981],[-111.5474,31.9811],[-111.5473,32.0098],[-111.4785,32.0107],[-111.4784,32.0249],[-111.4193,32.0279],[-111.4195,32.043],[-111.3861,32.0446],[-111.3861,32.0586],[-111.4789,32.0544],[-111.4789,32.0688],[-111.4755,32.0688],[-111.4749,32.0999],[-111.4407,32.1001],[-111.4409,32.1725],[-111.291,32.1757],[-111.291,32.1973],[-111.2787,32.1973],[-111.2787,32.1901],[-111.218,32.1902],[-111.2181,32.2265],[-111.2352,32.2264],[-111.2351,32.2193],[-111.4743,32.216],[-111.4743,32.3077],[-111.481,32.3102],[-111.5043,32.3109],[-111.5198,32.3061],[-111.5412,32.2926],[-111.5796,32.2779],[-111.602,32.2821],[-111.6145,32.2791],[-111.6269,32.2838],[-111.633,32.2736],[-111.709,32.274],[-111.7243,32.2793],[-111.7443,32.2804],[-111.7913,32.3011],[-111.7987,32.2668],[-111.8127,32.2297],[-111.8273,32.2335],[-111.8337,32.2283],[-111.8335,32.2243],[-111.8527,32.2241],[-111.8666,32.2346],[-111.8751,32.2366],[-111.8352,32.1541],[-111.8339,32.1439],[-111.8331,32.0282],[-111.839,32.0235],[-111.8706,32.0194],[-111.8877,32.0316],[-111.9036,32.0754],[-111.8889,32.0737],[-111.8829,32.0789],[-111.8924,32.0898],[-111.8932,32.099],[-111.8984,32.1043],[-111.8977,32.1113],[-111.9176,32.121],[-111.9273,32.1331],[-111.9538,32.1477],[-111.9755,32.2058],[-112.001,32.2466],[-111.9998,32.276],[-111.9869,32.2675],[-111.9781,32.2568],[-111.966,32.2539],[-111.9608,32.2555],[-111.9655,32.271],[-111.9636,32.2832],[-111.9728,32.289],[-111.963,32.3228],[-111.9886,32.3216],[-112.0054,32.325],[-111.9819,32.3476],[-111.9674,32.3569],[-111.9675,32.3632],[-111.8669,32.3651],[-111.8692,32.3589],[-111.8189,32.3681],[-111.8094,32.3747],[-111.8066,32.3792],[-111.8068,32.4197],[-111.7949,32.4196],[-111.7946,32.5066],[-111.8916,32.5067],[-111.8892,32.5153],[-111.8948,32.5146],[-111.9127,32.5252],[-111.9303,32.5488],[-111.9675,32.615],[-111.9936,32.5942],[-112.0071,32.5996],[-112.0373,32.6002],[-112.0453,32.6031],[-112.0341,32.5767],[-112.0158,32.5626],[-112.0098,32.5468],[-112.0322,32.5443],[-112.1003,32.5106],[-112.0968,32.5067],[-112.209,32.5067],[-112.2102,32.4989],[-112.2029,32.4897],[-112.2062,32.4854],[-112.2045,32.4818],[-112.1929,32.477],[-112.185,32.4671],[-112.1991,32.4587],[-112.1903,32.458],[-112.1833,32.4517],[-112.1795,32.4542],[-112.1763,32.4447],[-112.1809,32.4346],[-112.1796,32.4256],[-112.1909,32.4128],[-112.1756,32.4053],[-112.1747,32.3882],[-112.1799,32.3693],[-112.1654,32.3648],[-112.1825,32.3509],[-112.1863,32.34],[-112.194,32.3331],[-112.2092,32.3315],[-112.2474,32.3192],[-112.2506,32.302],[-112.2438,32.2698],[-112.2491,32.2629],[-112.2374,32.2573],[-112.2233,32.2367],[-112.2129,32.2274],[-112.2196,32.2266],[-112.2241,32.2153],[-112.2271,32.2141],[-112.2325,32.2204],[-112.2333,32.2307],[-112.2495,32.2469],[-112.2591,32.2631],[-112.2746,32.2647],[-112.3285,32.2816],[-112.3325,32.2751],[-112.3418,32.2712],[-112.3517,32.2441],[-112.3658,32.2261],[-112.3695,32.1902],[-112.3724,32.1856],[-112.4326,32.1927],[-112.4349,32.1818],[-112.5732,32.182],[-112.5734,32.1718],[-112.5802,32.1547],[-112.5792,32.1393],[-112.6464,32.1422],[-112.6433,32.1367],[-112.6542,32.1407],[-112.668,32.1375],[-112.6679,32.1278],[-112.6718,32.1223],[-112.6695,32.1136],[-112.6761,32.1111],[-112.6785,32.1036],[-112.6914,32.1023],[-112.6974,32.0972],[-112.6954,32.0911],[-112.6975,32.0806],[-112.7028,32.0763]]]},"properties":{"ZCTA5":"85634","CENTLAT":"+32.0279227","CENTLON":"-112.0330945"}},{"type":"Feature","geometry":{"type":"Polygon","coordinates":[[[-111.7922,33.3681],[-111.7898,33.3644],[-111.7913,33.3506],[-111.7686,33.3501],[-111.7684,33.3445],[-111.7644,33.3446],[-111.7643,33.3501],[-111.6874,33.3506],[-111.6876,33.3614],[-111.6919,33.3634],[-111.6876,33.3621],[-111.6879,33.3757],[-111.6912,33.3794],[-111.7195,33.3793],[-111.7194,33.3865],[-111.728,33.3864],[-111.7279,33.3829],[-111.7209,33.3823],[-111.7224,33.3793],[-111.7884,33.379],[-111.7916,33.3732],[-111.7899,33.368],[-111.7922,33.3681]]]},"properties":{"ZCTA5":"85234","CENTLAT":"+33.3647832","CENTLON":"-111.7392878"}},{"type":"Feature","geometry":{"type":"Polygon","coordinates":[[[-112.2032,33.6265],[-112.2026,33.6106],[-112.1901,33.6107],[-112.1859,33.6059],[-112.1833,33.6108],[-112.1642,33.6107],[-112.1634,33.6054],[-112.1513,33.6071],[-112.1518,33.6393],[-112.1648,33.6391],[-112.1645,33.637],[-112.1778,33.6389],[-112.184,33.6356],[-112.1952,33.6386],[-112.1949,33.6365],[-112.2027,33.6362],[-112.2032,33.6265]]]},"properties":{"ZCTA5":"85306","CENTLAT":"+33.6233210","CENTLON":"-112.1756951"}},{"type":"Feature","geometry":{"type":"Polygon","coordinates":[[[-112.0502,33.5281],[-112.0475,33.5273],[-112.0497,33.5038],[-112.0476,33.5038],[-112.0476,33.4775],[-112.0387,33.4776],[-112.0383,33.4803],[-112.0302,33.4773],[-112.0269,33.4803],[-112.0129,33.4786],[-112.0151,33.4929],[-112.013,33.493],[-112.013,33.5026],[-112.0152,33.5025],[-112.013,33.5118],[-112.0157,33.5134],[-112.013,33.5141],[-112.0128,33.5446],[-112.0278,33.5368],[-112.0302,33.543],[-112.0306,33.538],[-112.0475,33.5383],[-112.0502,33.5281]]]},"properties":{"ZCTA5":"85016","CENTLAT":"+33.5095315","CENTLON":"-112.0304187"}},{"type":"Feature","geometry":{"type":"Polygon","coordinates":[[[-112.0329,32.8638],[-112.0319,32.8503],[-112.0155,32.8503],[-112.013,32.8489],[-112.0147,32.844],[-112.0073,32.8441],[-112.0064,32.8405],[-111.9952,32.8405],[-111.98,32.8288],[-111.9636,32.8284],[-111.963,32.8108],[-111.9581,32.8099],[-111.9407,32.7953],[-111.9291,32.7784],[-111.9292,32.7824],[-111.921,32.7826],[-111.9215,32.7966],[-111.912,32.7968],[-111.912,32.8794],[-111.8776,32.8795],[-111.8775,32.894],[-111.8949,32.8939],[-111.8949,32.9615],[-111.9546,32.9992],[-111.9966,32.9993],[-111.9977,32.8793],[-112.032,32.8793],[-112.0329,32.8638]]]},"properties":{"ZCTA5":"85172","CENTLAT":"+32.8997445","CENTLON":"-111.9520209"}},{"type":"Feature","geometry":{"type":"Polygon","coordinates":[[[-112.7544,35.0717],[-112.7533,35.0689],[-112.7328,35.069],[-112.7325,34.9826],[-112.6996,34.9826],[-112.6993,34.904],[-112.6523,34.8853],[-112.6035,34.8752],[-112.5839,34.8928],[-112.5783,34.8905],[-112.5783,34.8955],[-112.574,34.8917],[-112.5716,34.8928],[-112.5735,34.8951],[-112.5684,34.8961],[-112.5545,34.8936],[-112.5517,34.8899],[-112.542,34.8918],[-112.5377,34.8622],[-112.5399,34.852],[-112.4975,34.853],[-112.4973,34.8492],[-112.4617,34.8494],[-112.4619,34.8363],[-112.4503,34.8046],[-112.4482,34.8085],[-112.4439,34.8085],[-112.4439,34.8161],[-112.4299,34.8195],[-112.4302,34.8049],[-112.3928,34.8043],[-112.3932,34.8089],[-112.4008,34.8146],[-112.3975,34.8188],[-112.3854,34.8193],[-112.3771,34.8116],[-112.3733,34.8121],[-112.3702,34.8052],[-112.3711,34.7947],[-112.3473,34.8043],[-112.3411,34.8105],[-112.3223,34.8132],[-112.3207,34.8224],[-112.3151,34.8304],[-112.3222,34.838],[-112.3236,34.8511],[-112.3189,34.8529],[-112.3211,34.8592],[-112.3139,34.8661],[-112.323,34.8746],[-112.3215,34.8841],[-112.3314,34.8937],[-112.3525,34.8936],[-112.3577,34.8881],[-112.3578,34.8784],[-112.3658,34.8857],[-112.3725,34.8842],[-112.3731,34.9012],[-112.3809,34.9015],[-112.3743,34.9083],[-112.3749,34.9255],[-112.3813,34.9243],[-112.4185,34.8817],[-112.4233,34.8915],[-112.4049,34.9207],[-112.4131,34.9225],[-112.3909,34.9604],[-112.3893,34.9696],[-112.3765,34.9814],[-112.3829,34.9893],[-112.4103,34.9894],[-112.4102,34.9818],[-112.4434,34.9821],[-112.458,34.9884],[-112.4711,35.0012],[-112.4836,35.0254],[-112.5036,35.047],[-112.5283,35.0612],[-112.5279,35.0705],[-112.7023,35.0691],[-112.7022,35.0738],[-112.7076,35.0777],[-112.7053,35.0826],[-112.7212,35.0922],[-112.7371,35.089],[-112.7468,35.0745],[-112.7544,35.0717]]]},"properties":{"ZCTA5":"86334","CENTLAT":"+34.9484786","CENTLON":"-112.5393297"}},{"type":"Feature","geometry":{"type":"Polygon","coordinates":[[[-111.0342,32.4601],[-111.0332,32.453],[-111.028,32.4537],[-111.0299,32.4238],[-111.021,32.4238],[-111.0209,32.4275],[-111.0167,32.4274],[-111.016,32.4238],[-110.9642,32.4241],[-110.9468,32.4272],[-110.9409,32.4232],[-110.9396,32.4271],[-110.9347,32.4269],[-110.9336,32.4498],[-110.9298,32.4571],[-110.9339,32.4549],[-110.9324,32.46],[-110.9356,32.46],[-110.9356,32.4672],[-110.9278,32.5107],[-111.0297,32.5113],[-111.0295,32.4612],[-111.0342,32.4601]],[[-110.94,32.4426],[-110.9339,32.4435],[-110.9339,32.4403],[-110.94,32.4426]]]},"properties":{"ZCTA5":"85755","CENTLAT":"+32.4683509","CENTLON":"-110.9815075"}},{"type":"Feature","geometry":{"type":"Polygon","coordinates":[[[-111.5166,33.1183],[-111.5159,33.0161],[-111.5118,33.0181],[-111.5075,33.0132],[-111.4991,33.0163],[-111.4931,33.0137],[-111.4788,33.0186],[-111.4557,33.017],[-111.4557,33.0031],[-111.422,33.0101],[-111.4214,33.0067],[-111.4054,33.0029],[-111.4014,32.998],[-111.4048,32.99],[-111.4116,32.9875],[-111.4214,32.9767],[-111.4215,32.9732],[-111.416,32.9702],[-111.4318,32.9441],[-111.415,32.9438],[-111.4121,32.8918],[-111.339,32.8781],[-111.3392,32.8622],[-111.3321,32.8462],[-111.3336,32.825],[-111.3454,32.8258],[-111.3506,32.815],[-111.349,32.8085],[-111.3549,32.8041],[-111.356,32.7972],[-111.3615,32.792],[-111.3625,32.7621],[-111.3459,32.7517],[-111.34,32.7379],[-111.3373,32.7523],[-111.3265,32.7643],[-111.2279,32.8475],[-111.1758,32.7931],[-111.1585,32.7706],[-111.1296,32.7471],[-111.0966,32.7058],[-111.0791,32.689],[-111.0834,32.6959],[-111.0228,32.7365],[-110.9726,32.7115],[-110.9656,32.7121],[-110.96,32.7071],[-110.927,32.6945],[-110.9247,32.7028],[-110.8948,32.7106],[-110.8944,32.7154],[-110.8889,32.7188],[-110.8879,32.7218],[-110.8953,32.7329],[-110.8976,32.7458],[-110.903,32.7548],[-110.9188,32.7648],[-110.922,32.7728],[-110.9262,32.7917],[-110.917,32.8001],[-110.9141,32.8077],[-110.9167,32.8201],[-110.9273,32.8248],[-110.9325,32.8355],[-110.9177,32.8421],[-110.9164,32.8466],[-110.8928,32.8642],[-110.9063,32.8865],[-110.9141,32.8903],[-110.9216,32.8997],[-110.9449,32.8875],[-110.9449,32.9175],[-110.959,32.9252],[-110.9591,32.9309],[-110.9688,32.9349],[-110.9727,32.9546],[-110.9818,32.9623],[-110.9868,32.9747],[-111.0072,32.9901],[-111.0135,32.9904],[-111.0119,33.0038],[-111.0249,33.0203],[-111.0833,33.0278],[-111.0955,33.0338],[-111.0969,33.0381],[-111.1057,33.0435],[-111.1584,33.0334],[-111.1533,33.0443],[-111.1554,33.0499],[-111.1835,33.0765],[-111.1825,33.0946],[-111.1894,33.0963],[-111.1994,33.089],[-111.2076,33.0878],[-111.2502,33.103],[-111.2735,33.104],[-111.2715,33.1115],[-111.2635,33.1188],[-111.3073,33.1183],[-111.3148,33.1038],[-111.3209,33.1036],[-111.3192,33.0896],[-111.3363,33.0893],[-111.3367,33.0862],[-111.3405,33.0861],[-111.3406,33.0894],[-111.3534,33.0895],[-111.3535,33.0824],[-111.3617,33.0818],[-111.3618,33.076],[-111.3663,33.0751],[-111.3747,33.0793],[-111.3942,33.0788],[-111.4151,33.0893],[-111.3894,33.1183],[-111.405,33.1183],[-111.4049,33.1328],[-111.4105,33.1337],[-111.4284,33.1764],[-111.4741,33.1484],[-111.4736,33.1176],[-111.5166,33.1183]]]},"properties":{"ZCTA5":"85132","CENTLAT":"+32.9235444","CENTLON":"-111.1909856"}},{"type":"Feature","geometry":{"type":"Polygon","coordinates":[[[-112.7076,33.8113],[-112.7076,33.804],[-112.6788,33.8041],[-112.6747,33.7895],[-112.6797,33.7823],[-112.664,33.7822],[-112.664,33.7858],[-112.6596,33.7858],[-112.6596,33.7931],[-112.664,33.7931],[-112.664,33.8112],[-112.6683,33.8119],[-112.6718,33.8201],[-112.6662,33.8213],[-112.6629,33.8272],[-112.6613,33.8524],[-112.6469,33.8483],[-112.625,33.8522],[-112.6323,33.8299],[-112.6323,33.7822],[-112.5511,33.7822],[-112.5508,33.7965],[-112.5335,33.7964],[-112.5336,33.8112],[-112.5249,33.8114],[-112.5162,33.8112],[-112.5162,33.7822],[-112.4392,33.7822],[-112.4477,33.8079],[-112.444,33.817],[-112.4482,33.8328],[-112.4462,33.8481],[-112.4529,33.8546],[-112.4296,33.8545],[-112.4279,33.9207],[-112.3419,33.899],[-112.3431,33.941],[-112.3248,33.9406],[-112.3251,33.9551],[-112.2837,33.9568],[-112.2799,33.9671],[-112.271,33.9693],[-112.2706,33.9768],[-112.275,33.9858],[-112.2137,33.986],[-112.2132,33.9909],[-112.2174,33.9935],[-112.2157,33.9996],[-112.2253,34.0071],[-112.2233,34.0147],[-112.2266,34.0221],[-112.2229,34.0248],[-112.2313,34.0329],[-112.2322,34.0382],[-112.2426,34.0435],[-112.2479,34.0515],[-112.2626,34.0511],[-112.2693,34.057],[-112.2709,34.0693],[-112.2656,34.0797],[-112.2678,34.0811],[-112.2656,34.0848],[-112.2672,34.0986],[-112.2616,34.1035],[-112.2695,34.1107],[-112.2839,34.1121],[-112.2957,34.1285],[-112.3716,34.1282],[-112.3801,34.1325],[-112.3828,34.1282],[-112.4122,34.1283],[-112.4122,34.1574],[-112.421,34.1575],[-112.4217,34.1531],[-112.4276,34.1516],[-112.43,34.1445],[-112.4366,34.1392],[-112.4308,34.1319],[-112.4328,34.1297],[-112.4297,34.1285],[-112.429,34.1223],[-112.4387,34.1207],[-112.4419,34.1146],[-112.4316,34.1039],[-112.427,34.1054],[-112.4287,34.0905],[-112.42,34.0913],[-112.4188,34.0882],[-112.4214,34.0759],[-112.4288,34.0718],[-112.4329,34.0644],[-112.431,34.0626],[-112.4349,34.0524],[-112.4349,34.0435],[-112.4278,34.0375],[-112.4263,34.0256],[-112.4371,34.0243],[-112.4379,34.0149],[-112.4483,34.0169],[-112.4664,34.0092],[-112.4766,34.0145],[-112.4878,34.0132],[-112.5163,34.0316],[-112.5163,34.0466],[-112.5256,34.0453],[-112.5374,34.0509],[-112.5439,34.0502],[-112.5435,34.0459],[-112.5525,34.0453],[-112.5568,34.0486],[-112.5564,34.0464],[-112.5836,34.0467],[-112.5875,34.0417],[-112.5959,34.0394],[-112.6128,34.0424],[-112.6209,34.0386],[-112.633,34.0289],[-112.6414,34.016],[-112.6579,34.0103],[-112.6646,34.0019],[-112.6939,33.9875],[-112.685,33.9852],[-112.6852,33.9272],[-112.7031,33.9129],[-112.703,33.8984],[-112.7074,33.8984],[-112.7076,33.8113]]]},"properties":{"ZCTA5":"85342","CENTLAT":"+33.9530750","CENTLON":"-112.4837276"}},{"type":"Feature","geometry":{"type":"Polygon","coordinates":[[[-112.4138,34.1583],[-112.4122,34.1283],[-112.3828,34.1282],[-112.3801,34.1325],[-112.3706,34.1282],[-112.2035,34.1284],[-112.2033,34.1958],[-112.1993,34.2011],[-112.2739,34.2015],[-112.2738,34.2453],[-112.3775,34.2449],[-112.3776,34.2305],[-112.3904,34.2305],[-112.4035,34.2076],[-112.4028,34.198],[-112.4059,34.1903],[-112.3993,34.172],[-112.4094,34.1622],[-112.4138,34.1618],[-112.4138,34.1583]]]},"properties":{"ZCTA5":"86343","CENTLAT":"+34.1793795","CENTLON":"-112.3123620"}},{"type":"Feature","geometry":{"type":"Polygon","coordinates":[[[-110.9447,33.2473],[-110.7957,33.0053],[-110.7881,33.0104],[-110.7745,33.0104],[-110.7748,32.9847],[-110.788,32.9844],[-110.7875,32.9805],[-110.7724,32.9665],[-110.7323,32.9089],[-110.7326,32.8977],[-110.7292,32.8898],[-110.7334,32.8796],[-110.729,32.8678],[-110.7294,32.8561],[-110.7206,32.8372],[-110.7091,32.8284],[-110.6973,32.8073],[-110.6886,32.8057],[-110.6831,32.7946],[-110.6836,32.7875],[-110.6762,32.7843],[-110.6714,32.7724],[-110.4485,32.7712],[-110.4494,32.9902],[-110.4611,32.9944],[-110.4856,32.9846],[-110.4933,32.9846],[-110.5222,32.9536],[-110.5731,32.9394],[-110.6035,32.9565],[-110.613,32.9693],[-110.6253,32.9698],[-110.6289,32.9666],[-110.6404,32.9721],[-110.6483,32.9717],[-110.6519,32.9667],[-110.666,32.9753],[-110.6743,32.9731],[-110.6858,32.9774],[-110.6906,32.9863],[-110.7036,32.9927],[-110.7122,32.9869],[-110.7325,32.983],[-110.74,32.9756],[-110.7635,32.9727],[-110.7696,32.9823],[-110.7644,32.9875],[-110.7648,33.0035],[-110.7468,33.0107],[-110.745,33.0175],[-110.7317,33.0249],[-110.7251,33.0419],[-110.7165,33.0409],[-110.716,33.0506],[-110.7257,33.0696],[-110.7211,33.0762],[-110.7127,33.078],[-110.7062,33.0837],[-110.7062,33.1032],[-110.7164,33.0932],[-110.7315,33.1001],[-110.7437,33.1159],[-110.753,33.121],[-110.7766,33.1272],[-110.7865,33.1234],[-110.787,33.1363],[-110.8055,33.1536],[-110.8054,33.1672],[-110.8116,33.1812],[-110.8056,33.1908],[-110.8033,33.2035],[-110.7893,33.2257],[-110.7984,33.236],[-110.81,33.2317],[-110.8097,33.2401],[-110.8121,33.2338],[-110.8248,33.2401],[-110.8282,33.2453],[-110.8318,33.2416],[-110.8393,33.2515],[-110.8367,33.2558],[-110.839,33.2584],[-110.8408,33.2563],[-110.847,33.2593],[-110.8498,33.2558],[-110.8603,33.2576],[-110.8661,33.2635],[-110.8649,33.2684],[-110.8739,33.2639],[-110.8822,33.2638],[-110.8911,33.2571],[-110.9038,33.2584],[-110.9314,33.2487],[-110.9447,33.2473]]]},"properties":{"ZCTA5":"85192","CENTLAT":"+32.9612502","CENTLON":"-110.6646857"}},{"type":"Feature","geometry":{"type":"Polygon","coordinates":[[[-112.5135,33.5546],[-112.5135,33.5515],[-112.4701,33.5516],[-112.4698,33.5371],[-112.4613,33.5372],[-112.4613,33.5176],[-112.4613,33.5226],[-112.4442,33.5227],[-112.4439,33.5082],[-112.4268,33.5082],[-112.4269,33.5517],[-112.3466,33.5512],[-112.3589,33.5578],[-112.359,33.5802],[-112.4701,33.5807],[-112.4699,33.5907],[-112.4593,33.6074],[-112.4586,33.6363],[-112.455,33.6385],[-112.4787,33.6384],[-112.4787,33.6358],[-112.4948,33.6297],[-112.501,33.6306],[-112.4964,33.6333],[-112.4973,33.6387],[-112.5133,33.6388],[-112.5112,33.5926],[-112.5135,33.5546]]]},"properties":{"ZCTA5":"85355","CENTLAT":"+33.5751786","CENTLON":"-112.4537246"}},{"type":"Feature","geometry":{"type":"Polygon","coordinates":[[[-112.3115,33.5827],[-112.3115,33.5654],[-112.3002,33.5655],[-112.3031,33.5755],[-112.3029,33.5794],[-112.2987,33.58],[-112.2987,33.6052],[-112.3046,33.6068],[-112.3115,33.5827]]]},"properties":{"ZCTA5":"85363","CENTLAT":"+33.5845863","CENTLON":"-112.3048993"}},{"type":"Feature","geometry":{"type":"Polygon","coordinates":[[[-110.0007,33.7849],[-110.0007,33.747],[-109.9795,33.7595],[-109.9717,33.759],[-109.9702,33.7525],[-109.962,33.7544],[-109.9579,33.7602],[-109.9498,33.7613],[-109.9588,33.7676],[-109.9563,33.7714],[-109.9519,33.7691],[-109.9539,33.7753],[-109.9501,33.7784],[-109.9632,33.7899],[-109.9628,33.7929],[-109.9572,33.7905],[-109.9577,33.794],[-109.9796,33.7938],[-109.9785,33.799],[-109.9966,33.7976],[-110.0007,33.7849]]]},"properties":{"ZCTA5":"85926","CENTLAT":"+33.7750344","CENTLON":"-109.9788380"}},{"type":"Feature","geometry":{"type":"Polygon","coordinates":[[[-111.8423,33.3762],[-111.8418,33.3613],[-111.833,33.3613],[-111.8331,33.3388],[-111.8242,33.3389],[-111.8241,33.328],[-111.8069,33.3281],[-111.8069,33.3137],[-111.7898,33.3137],[-111.79,33.3282],[-111.7969,33.3283],[-111.7899,33.3349],[-111.792,33.3395],[-111.7897,33.3428],[-111.7898,33.3644],[-111.7922,33.3681],[-111.7899,33.368],[-111.7916,33.3732],[-111.7884,33.379],[-111.8411,33.3788],[-111.8423,33.3762]]]},"properties":{"ZCTA5":"85233","CENTLAT":"+33.3524238","CENTLON":"-111.8115146"}},{"type":"Feature","geometry":{"type":"Polygon","coordinates":[[[-112.29,33.668],[-112.2725,33.6671],[-112.2724,33.6526],[-112.2593,33.6526],[-112.2594,33.638],[-112.255,33.638],[-112.2548,33.6243],[-112.2403,33.6246],[-112.2395,33.6204],[-112.2348,33.6246],[-112.2025,33.6269],[-112.2029,33.6375],[-112.2401,33.6384],[-112.2356,33.6599],[-112.2224,33.6817],[-112.2898,33.6818],[-112.29,33.668]]]},"properties":{"ZCTA5":"85382","CENTLAT":"+33.6555059","CENTLON":"-112.2477118"}},{"type":"Feature","geometry":{"type":"Polygon","coordinates":[[[-111.8912,33.4299],[-111.8828,33.4294],[-111.883,33.4221],[-111.8772,33.4221],[-111.8871,33.4125],[-111.8828,33.4112],[-111.8566,33.4113],[-111.8566,33.4149],[-111.8229,33.4142],[-111.8228,33.426],[-111.8208,33.426],[-111.8226,33.4368],[-111.8161,33.4368],[-111.8165,33.4421],[-111.8226,33.4378],[-111.8224,33.4601],[-111.8202,33.4601],[-111.8221,33.4698],[-111.8264,33.4698],[-111.8287,33.4626],[-111.8355,33.4625],[-111.8355,33.4588],[-111.8405,33.4607],[-111.8488,33.4519],[-111.8564,33.4513],[-111.8563,33.4483],[-111.8611,33.4477],[-111.8736,33.4372],[-111.8911,33.4368],[-111.8912,33.4299]]]},"properties":{"ZCTA5":"85201","CENTLAT":"+33.4336047","CENTLON":"-111.8492522"}},{"type":"Feature","geometry":{"type":"Polygon","coordinates":[[[-111.8584,33.6115],[-111.8541,33.6044],[-111.8566,33.6043],[-111.8565,33.5825],[-111.848,33.5825],[-111.846,33.5752],[-111.8459,33.5684],[-111.8492,33.568],[-111.7701,33.5679],[-111.7701,33.5897],[-111.7612,33.5899],[-111.761,33.5996],[-111.764,33.6052],[-111.7701,33.6056],[-111.7702,33.6114],[-111.7873,33.6114],[-111.7874,33.6534],[-111.797,33.6529],[-111.8045,33.6409],[-111.8126,33.6443],[-111.8372,33.6443],[-111.8372,33.6396],[-111.8204,33.6398],[-111.8298,33.6191],[-111.8394,33.6115],[-111.8584,33.6115]]]},"properties":{"ZCTA5":"85259","CENTLAT":"+33.6010407","CENTLON":"-111.8094971"}},{"type":"Feature","geometry":{"type":"Polygon","coordinates":[[[-111.7215,33.5508],[-111.6957,33.5167],[-111.6932,33.5191],[-111.6804,33.5168],[-111.6728,33.5274],[-111.672,33.5411],[-111.6689,33.5451],[-111.6514,33.5502],[-111.6461,33.549],[-111.6347,33.5554],[-111.6225,33.5548],[-111.6135,33.5607],[-111.6065,33.557],[-111.6033,33.5489],[-111.5932,33.5492],[-111.5814,33.558],[-111.5751,33.5569],[-111.5754,33.5542],[-111.5573,33.5515],[-111.54,33.5584],[-111.5441,33.572],[-111.542,33.5751],[-111.5383,33.5724],[-111.5332,33.576],[-111.513,33.5725],[-111.5175,33.5687],[-111.5124,33.563],[-111.514,33.5611],[-111.5087,33.5571],[-111.5034,33.5575],[-111.4967,33.5613],[-111.503,33.5686],[-111.4977,33.5709],[-111.4948,33.5808],[-111.4815,33.5733],[-111.4841,33.5719],[-111.4818,33.5585],[-111.4728,33.5588],[-111.4643,33.5641],[-111.46,33.5552],[-111.4487,33.5569],[-111.4386,33.5492],[-111.4438,33.5433],[-111.4435,33.5389],[-111.4151,33.5334],[-111.4153,33.5357],[-111.4098,33.5354],[-111.4172,33.5358],[-111.4321,33.5443],[-111.4304,33.5519],[-111.4238,33.5541],[-111.4218,33.5591],[-111.4138,33.5583],[-111.4116,33.5519],[-111.4082,33.5534],[-111.3969,33.5617],[-111.4002,33.5616],[-111.3998,33.5654],[-111.3842,33.5799],[-111.3757,33.5742],[-111.3687,33.5781],[-111.3667,33.574],[-111.3624,33.5732],[-111.3532,33.5778],[-111.3579,33.5817],[-111.357,33.5842],[-111.3403,33.5918],[-111.3275,33.5865],[-111.32,33.5905],[-111.3188,33.5883],[-111.3071,33.5912],[-111.3021,33.5844],[-111.2948,33.5875],[-111.2924,33.5818],[-111.2828,33.5809],[-111.2755,33.575],[-111.2705,33.5765],[-111.2687,33.5732],[-111.2562,33.5729],[-111.2572,33.5757],[-111.2507,33.5784],[-111.2508,33.5817],[-111.2376,33.5804],[-111.2322,33.5837],[-111.2359,33.5856],[-111.2303,33.5885],[-111.2325,33.5929],[-111.2236,33.5964],[-111.2232,33.594],[-111.2196,33.5994],[-111.2384,33.6184],[-111.2502,33.6245],[-111.2557,33.6211],[-111.2628,33.6232],[-111.2872,33.652],[-111.2872,33.6586],[-111.2995,33.6638],[-111.3149,33.6814],[-111.3314,33.6883],[-111.3383,33.7027],[-111.3364,33.7204],[-111.3548,33.7332],[-111.3563,33.7388],[-111.3721,33.7452],[-111.373,33.7493],[-111.3811,33.7477],[-111.3868,33.75],[-111.3822,33.761],[-111.3871,33.7632],[-111.3894,33.7708],[-111.3866,33.7732],[-111.3894,33.7767],[-111.3812,33.7852],[-111.3828,33.7881],[-111.3785,33.7937],[-111.3883,33.8054],[-111.3842,33.8165],[-111.3715,33.8188],[-111.3726,33.8243],[-111.3836,33.8336],[-111.3925,33.8359],[-111.3901,33.8377],[-111.3955,33.8409],[-111.3923,33.8548],[-111.3869,33.8608],[-111.3963,33.8686],[-111.396,33.8769],[-111.4057,33.8795],[-111.4055,33.8821],[-111.4128,33.8859],[-111.4137,33.8987],[-111.408,33.9053],[-111.4051,33.9192],[-111.4259,33.9261],[-111.4373,33.9163],[-111.4433,33.9174],[-111.4495,33.9202],[-111.4509,33.9315],[-111.5045,33.8983],[-111.521,33.8929],[-111.5306,33.8833],[-111.5385,33.8803],[-111.5458,33.8706],[-111.5488,33.871],[-111.5512,33.8643],[-111.5664,33.861],[-111.5641,33.8581],[-111.5658,33.8532],[-111.575,33.85],[-111.614,33.8172],[-111.6212,33.8136],[-111.6262,33.8162],[-111.631,33.8126],[-111.633,33.8182],[-111.6489,33.8066],[-111.656,33.8045],[-111.6627,33.8079],[-111.6677,33.8055],[-111.6604,33.7942],[-111.6631,33.786],[-111.6575,33.7872],[-111.6518,33.7818],[-111.6631,33.7755],[-111.6742,33.7561],[-111.6625,33.7488],[-111.6579,33.7388],[-111.6531,33.7355],[-111.6537,33.7151],[-111.6888,33.7089],[-111.7082,33.5662],[-111.7164,33.5613],[-111.7215,33.5508]]]},"properties":{"ZCTA5":"85264","CENTLAT":"+33.6999237","CENTLON":"-111.5012548"}},{"type":"Feature","geometry":{"type":"Polygon","coordinates":[[[-110.353,34.0],[-110.341,33.9939],[-110.3275,33.9945],[-110.32,33.9897],[-110.3102,33.9903],[-110.3112,33.985],[-110.3049,33.9824],[-110.2831,33.9821],[-110.2808,33.9848],[-110.2828,33.9786],[-110.2792,33.9795],[-110.2784,33.9719],[-110.2659,33.9545],[-110.2701,33.9534],[-110.2684,33.9493],[-110.2714,33.9484],[-110.2647,33.9391],[-110.2681,33.9352],[-110.2793,33.9337],[-110.2732,33.9297],[-110.2765,33.9219],[-110.2711,33.9206],[-110.2722,33.9154],[-110.2599,33.9134],[-110.2614,33.91],[-110.2713,33.9116],[-110.269,33.9038],[-110.2724,33.9057],[-110.2768,33.9031],[-110.2767,33.8987],[-110.2849,33.8981],[-110.2767,33.8909],[-110.2816,33.8876],[-110.2803,33.8836],[-110.2836,33.8811],[-110.2791,33.8818],[-110.2789,33.8795],[-110.2892,33.8792],[-110.282,33.8717],[-110.283,33.8646],[-110.2858,33.867],[-110.2887,33.8642],[-110.2822,33.8581],[-110.2902,33.8586],[-110.2907,33.8449],[-110.2846,33.8442],[-110.2909,33.8404],[-110.2882,33.8308],[-110.2937,33.8257],[-110.2908,33.8221],[-110.3036,33.8184],[-110.3033,33.8092],[-110.2979,33.8076],[-110.302,33.8067],[-110.3037,33.8024],[-110.3135,33.8004],[-110.3081,33.7958],[-110.3175,33.7944],[-110.3267,33.784],[-110.3325,33.791],[-110.328,33.7843],[-110.3184,33.782],[-110.3149,33.7843],[-110.3067,33.7795],[-110.3061,33.7755],[-110.2993,33.774],[-110.2907,33.7793],[-110.2923,33.7724],[-110.2896,33.7655],[-110.2834,33.7639],[-110.2818,33.768],[-110.2697,33.7547],[-110.2564,33.746],[-110.2494,33.747],[-110.2478,33.7566],[-110.2386,33.7565],[-110.2365,33.7543],[-110.2424,33.7516],[-110.236,33.7487],[-110.2318,33.7409],[-110.2257,33.7388],[-110.2297,33.7347],[-110.2249,33.7288],[-110.2303,33.7305],[-110.2315,33.727],[-110.1678,33.727],[-110.1684,33.7309],[-110.1595,33.7389],[-110.152,33.7372],[-110.1453,33.7421],[-110.1292,33.7353],[-110.1193,33.7354],[-110.1158,33.7394],[-110.1105,33.7381],[-110.0984,33.749],[-110.0872,33.7514],[-110.0826,33.7575],[-110.0717,33.7545],[-110.0597,33.756],[-110.0526,33.7636],[-110.0381,33.7645],[-110.0349,33.7686],[-110.0227,33.7683],[-110.0007,33.7838],[-110.0007,33.7912],[-109.9966,33.7976],[-109.9785,33.799],[-109.9796,33.7938],[-109.9751,33.7933],[-109.9604,33.7951],[-109.9572,33.7905],[-109.9628,33.7929],[-109.9632,33.7899],[-109.9501,33.7784],[-109.9539,33.7753],[-109.9519,33.7691],[-109.9563,33.7714],[-109.9588,33.7677],[-109.9498,33.7615],[-109.9599,33.7443],[-109.954,33.7195],[-109.9258,33.7015],[-109.9039,33.683],[-109.8916,33.6662],[-109.8918,33.7778],[-109.8593,33.7777],[-109.8593,34.0405],[-109.8765,34.0266],[-109.8902,34.028],[-109.896,34.0352],[-109.9019,34.0364],[-109.9105,34.0289],[-109.9214,34.0376],[-109.9217,34.0454],[-109.9283,34.0525],[-109.938,34.0812],[-109.9522,34.0864],[-109.9913,34.086],[-109.999,34.0906],[-110.0045,34.0895],[-110.0069,34.0831],[-110.0101,34.0843],[-110.021,34.0748],[-110.0206,34.0608],[-110.0248,34.0555],[-110.0513,34.0447],[-110.0687,34.0295],[-110.0708,34.0236],[-110.0682,34.007],[-110.071,34.0],[-110.353,34.0]]]},"properties":{"ZCTA5":"85941","CENTLAT":"+33.8875287","CENTLON":"-110.0648237"}},{"type":"Feature","geometry":{"type":"Polygon","coordinates":[[[-110.4494,33.0412],[-110.4494,32.9882],[-110.4361,32.9813],[-110.4174,32.9813],[-110.3951,33.0066],[-110.3717,33.0066],[-110.3132,32.9977],[-110.2815,32.9888],[-110.2304,32.9895],[-110.1909,32.9717],[-110.1367,32.9584],[-110.093,32.8956],[-110.0548,32.8751],[-110.0568,33.2444],[-110.0746,33.2674],[-110.0819,33.272],[-110.0801,33.2941],[-110.0842,33.2893],[-110.0872,33.2906],[-110.0895,33.2776],[-110.1024,33.2618],[-110.1239,33.258],[-110.1617,33.2277],[-110.1806,33.1927],[-110.1936,33.1949],[-110.2155,33.1889],[-110.2198,33.1917],[-110.2233,33.1897],[-110.2392,33.2055],[-110.2553,33.2108],[-110.2612,33.2109],[-110.2775,33.2024],[-110.3018,33.2117],[-110.3109,33.2115],[-110.3111,33.2065],[-110.3157,33.2041],[-110.3335,33.2143],[-110.3509,33.2131],[-110.3701,33.2189],[-110.3782,33.2167],[-110.3908,33.2248],[-110.3989,33.2204],[-110.4031,33.2015],[-110.4005,33.1984],[-110.4059,33.1975],[-110.4086,33.192],[-110.4196,33.1911],[-110.4206,33.1936],[-110.4369,33.1877],[-110.4464,33.1898],[-110.449,33.1945],[-110.4494,33.0412]]]},"properties":{"ZCTA5":"85530","CENTLAT":"+33.0935915","CENTLON":"-110.2311229"}},{"type":"Feature","geometry":{"type":"MultiPolygon","coordinates":[[[[-111.7968,33.3284],[-111.79,33.3282],[-111.7898,33.3209],[-111.786,33.3191],[-111.7212,33.3214],[-111.7198,33.3251],[-111.7169,33.3214],[-111.6869,33.3217],[-111.6872,33.3361],[-111.6956,33.336],[-111.6958,33.3422],[-111.6873,33.3433],[-111.6874,33.3506],[-111.7643,33.3501],[-111.7644,33.3447],[-111.7672,33.3445],[-111.7686,33.3501],[-111.7896,33.35],[-111.792,33.3395],[-111.7899,33.3349],[-111.7968,33.3284]]],[[[-111.7212,33.3214],[-111.7212,33.3193],[-111.7177,33.3193],[-111.7212,33.3214]]]]},"properties":{"ZCTA5":"85296","CENTLAT":"+33.3355373","CENTLON":"-111.7400642"}},{"type":"Feature","geometry":{"type":"Polygon","coordinates":[[[-110.8524,33.4087],[-110.8492,33.4015],[-110.847,33.4021],[-110.8476,33.4093],[-110.8386,33.4049],[-110.8408,33.4122],[-110.8524,33.4087]]]},"properties":{"ZCTA5":"85532","CENTLAT":"+33.4078992","CENTLON":"-110.8453528"}},{"type":"Feature","geometry":{"type":"Polygon","coordinates":[[[-112.3568,33.6448],[-112.3304,33.6236],[-112.3248,33.6235],[-112.3248,33.6308],[-112.3026,33.6307],[-112.2985,33.6525],[-112.3078,33.6523],[-112.3078,33.6677],[-112.3121,33.6677],[-112.3161,33.6613],[-112.3163,33.6503],[-112.3248,33.65],[-112.3247,33.6387],[-112.3394,33.6387],[-112.342,33.6434],[-112.3568,33.6448]]]},"properties":{"ZCTA5":"85378","CENTLAT":"+33.6416426","CENTLON":"-112.3200887"}},{"type":"Feature","geometry":{"type":"Polygon","coordinates":[[[-112.1518,33.5675],[-112.1514,33.5362],[-112.1471,33.5362],[-112.1472,33.5385],[-112.1122,33.5386],[-112.1168,33.582],[-112.1242,33.5788],[-112.1298,33.582],[-112.1517,33.5819],[-112.1518,33.5675]]]},"properties":{"ZCTA5":"85051","CENTLAT":"+33.5591414","CENTLON":"-112.1332225"}},{"type":"Feature","geometry":{"type":"Polygon","coordinates":[[[-112.1515,33.5819],[-112.1298,33.582],[-112.1242,33.5788],[-112.1201,33.5819],[-112.1039,33.5798],[-112.1039,33.582],[-112.0825,33.5804],[-112.0645,33.5832],[-112.0651,33.6053],[-112.0685,33.6053],[-112.0709,33.6005],[-112.0745,33.6076],[-112.0895,33.6077],[-112.0969,33.6111],[-112.1196,33.6108],[-112.1209,33.6074],[-112.1226,33.6108],[-112.1295,33.6108],[-112.1295,33.6073],[-112.133,33.6108],[-112.1512,33.6107],[-112.1515,33.5819]]]},"properties":{"ZCTA5":"85029","CENTLAT":"+33.5954548","CENTLON":"-112.1100121"}},{"type":"Feature","geometry":{"type":"Polygon","coordinates":[[[-112.0315,33.4748],[-112.0302,33.4514],[-112.0278,33.4493],[-112.0172,33.4513],[-112.0172,33.4483],[-112.0129,33.4482],[-112.0111,33.4513],[-112.0111,33.4482],[-111.9954,33.4482],[-111.9951,33.4513],[-111.9871,33.4483],[-111.9855,33.4512],[-111.9691,33.4509],[-111.969,33.4463],[-111.9612,33.4453],[-111.9611,33.4489],[-111.9562,33.4488],[-111.9542,33.4445],[-111.952,33.4485],[-111.9415,33.4474],[-111.9401,33.4499],[-111.9432,33.4549],[-111.9391,33.4653],[-111.9436,33.4656],[-111.9435,33.4729],[-111.961,33.4727],[-111.9632,33.4789],[-112.0269,33.4803],[-112.0315,33.4748]]]},"properties":{"ZCTA5":"85008","CENTLAT":"+33.4635912","CENTLON":"-111.9875187"}},{"type":"Feature","geometry":{"type":"Polygon","coordinates":[[[-112.0494,32.923],[-112.0493,32.8751],[-112.0329,32.8638],[-112.032,32.8793],[-111.9977,32.8793],[-111.9966,32.9993],[-111.9546,32.9992],[-111.9122,32.9734],[-111.9134,33.0137],[-111.903,33.0126],[-111.8994,33.0293],[-111.8928,33.0294],[-111.8927,33.042],[-111.885,33.048],[-111.9155,33.0656],[-111.9356,33.0657],[-111.9235,33.0797],[-111.9101,33.0877],[-111.9183,33.0877],[-111.9183,33.1177],[-111.9442,33.1178],[-111.9442,33.1034],[-111.9571,33.1033],[-111.9698,33.1103],[-111.9701,33.1174],[-111.9956,33.1176],[-111.9961,33.0877],[-112.0364,33.0871],[-112.048,33.0641],[-112.0483,33.0565],[-112.0378,33.05],[-112.049,33.0507],[-112.0494,32.923]]]},"properties":{"ZCTA5":"85138","CENTLAT":"+33.0150944","CENTLON":"-111.9868292"}},{"type":"Feature","geometry":{"type":"Polygon","coordinates":[[[-110.7507,34.3045],[-110.7507,34.2647],[-110.739,34.2707],[-110.7303,34.2666],[-110.7174,34.2698],[-110.7111,34.2682],[-110.672,34.2773],[-110.6591,34.2742],[-110.6495,34.266],[-110.6443,34.2663],[-110.6442,34.2692],[-110.6408,34.2686],[-110.6393,34.2846],[-110.6362,34.288],[-110.627,34.2882],[-110.6271,34.2954],[-110.6201,34.2943],[-110.6083,34.3015],[-110.6015,34.2981],[-110.6021,34.305],[-110.5967,34.3084],[-110.5927,34.3181],[-110.6029,34.3199],[-110.5786,34.3372],[-110.5788,34.3501],[-110.5844,34.3587],[-110.5855,34.371],[-110.5961,34.3679],[-110.5931,34.3863],[-110.5984,34.3925],[-110.5922,34.4034],[-110.586,34.4037],[-110.5875,34.4064],[-110.5937,34.4064],[-110.5984,34.4157],[-110.5965,34.4297],[-110.5916,34.4317],[-110.5905,34.4357],[-110.5878,34.4319],[-110.5669,34.4302],[-110.5615,34.4401],[-110.5548,34.4441],[-110.5346,34.4696],[-110.5148,34.4746],[-110.5149,34.467],[-110.5095,34.4611],[-110.4999,34.4607],[-110.5023,34.4573],[-110.5011,34.4497],[-110.4954,34.4458],[-110.4951,34.4413],[-110.507,34.4245],[-110.5185,34.4168],[-110.5104,34.415],[-110.5147,34.4129],[-110.5124,34.407],[-110.5154,34.406],[-110.5156,34.3933],[-110.4867,34.3817],[-110.4712,34.3797],[-110.4645,34.3839],[-110.451,34.4015],[-110.4865,34.4095],[-110.4826,34.4151],[-110.4807,34.4332],[-110.4753,34.4386],[-110.4623,34.4397],[-110.4564,34.4528],[-110.4766,34.4643],[-110.4508,34.5046],[-110.4287,34.5247],[-110.4204,34.5402],[-110.3982,34.5401],[-110.3933,34.5432],[-110.3876,34.5409],[-110.3786,34.5318],[-110.3786,34.5125],[-110.3409,34.5118],[-110.3408,34.4964],[-110.3233,34.4965],[-110.3232,34.4831],[-110.2478,34.4851],[-110.2483,34.497],[-110.3102,34.4996],[-110.3227,34.5103],[-110.325,34.5245],[-110.3342,34.5262],[-110.3395,34.5324],[-110.3436,34.5552],[-110.3751,34.5564],[-110.3763,34.5776],[-110.3785,34.5774],[-110.3781,34.6229],[-110.3845,34.6269],[-110.3966,34.6219],[-110.4078,34.6223],[-110.4117,34.6233],[-110.4086,34.6264],[-110.4133,34.6294],[-110.4366,34.6339],[-110.4346,34.6437],[-110.4286,34.6493],[-110.4334,34.6569],[-110.4309,34.6747],[-110.4425,34.6637],[-110.4938,34.6659],[-110.5017,34.6695],[-110.5054,34.6513],[-110.5195,34.6807],[-110.5073,34.6718],[-110.503,34.6878],[-110.495,34.6905],[-110.4958,34.6954],[-110.4865,34.7009],[-110.4868,34.7572],[-110.4875,34.7494],[-110.5055,34.7504],[-110.5055,34.7421],[-110.5387,34.7416],[-110.5394,34.7467],[-110.5463,34.7537],[-110.5616,34.74],[-110.5719,34.7402],[-110.5785,34.7342],[-110.5733,34.7293],[-110.5786,34.7226],[-110.5969,34.7128],[-110.6032,34.7052],[-110.6345,34.6897],[-110.6986,34.6399],[-110.6992,34.6113],[-110.6144,34.6115],[-110.6127,34.5965],[-110.5744,34.5967],[-110.5742,34.5675],[-110.5496,34.5677],[-110.5489,34.5655],[-110.5539,34.5557],[-110.5675,34.5469],[-110.5741,34.5358],[-110.5759,34.5374],[-110.577,34.5306],[-110.6039,34.498],[-110.6059,34.4855],[-110.6155,34.4794],[-110.6203,34.4709],[-110.6331,34.4638],[-110.6325,34.4608],[-110.6495,34.4593],[-110.6706,34.4405],[-110.666,34.4357],[-110.6852,34.4267],[-110.6936,34.4139],[-110.7117,34.4122],[-110.708,34.4071],[-110.6823,34.4048],[-110.669,34.4202],[-110.6662,34.4167],[-110.669,34.4175],[-110.6678,34.4118],[-110.6641,34.4085],[-110.6709,34.3968],[-110.6712,34.383],[-110.7068,34.3467],[-110.7329,34.3378],[-110.7441,34.3247],[-110.7507,34.3225],[-110.7507,34.3045]]]},"properties":{"ZCTA5":"85928","CENTLAT":"+34.5226795","CENTLON":"-110.5507436"}},{"type":"Feature","geometry":{"type":"Polygon","coordinates":[[[-111.0441,32.3158],[-111.0283,32.2942],[-111.0373,32.2942],[-111.0271,32.2782],[-111.0166,32.2743],[-111.0085,32.2576],[-111.0003,32.2566],[-110.9967,32.2505],[-110.9932,32.2504],[-110.9859,32.2409],[-110.9822,32.2294],[-110.9614,32.2225],[-110.961,32.2702],[-110.9635,32.2721],[-110.9611,32.289],[-110.9819,32.2951],[-110.9918,32.2928],[-111.0402,32.3119],[-111.0441,32.3158]]]},"properties":{"ZCTA5":"85705","CENTLAT":"+32.2712055","CENTLON":"-110.9917242"}},{"type":"Feature","geometry":{"type":"Polygon","coordinates":[[[-111.2913,32.3509],[-111.2913,32.3425],[-111.2871,32.3425],[-111.2871,32.3371],[-111.284,32.3371],[-111.2807,32.3309],[-111.2795,32.3167],[-111.2683,32.2918],[-111.2786,32.2914],[-111.2787,32.2193],[-111.2351,32.2193],[-111.2352,32.2264],[-111.2181,32.2265],[-111.218,32.2045],[-111.1667,32.2047],[-111.1666,32.2207],[-111.1466,32.2207],[-111.1404,32.2271],[-111.1682,32.2475],[-111.1844,32.2485],[-111.0969,32.2507],[-111.0969,32.258],[-111.1054,32.258],[-111.1054,32.2616],[-111.1011,32.2616],[-111.1011,32.2644],[-111.1139,32.2651],[-111.1139,32.2724],[-111.1224,32.2725],[-111.1225,32.2942],[-111.1054,32.2943],[-111.1054,32.2977],[-111.1011,32.296],[-111.1003,32.3004],[-111.0969,32.3],[-111.0969,32.3051],[-111.0884,32.3051],[-111.0884,32.3087],[-111.0834,32.3087],[-111.0799,32.3049],[-111.0798,32.3087],[-111.0527,32.3087],[-111.0504,32.3039],[-111.0424,32.3088],[-111.0283,32.2942],[-111.0534,32.326],[-111.1309,32.4011],[-111.1347,32.3992],[-111.1433,32.4031],[-111.1503,32.4018],[-111.1563,32.3954],[-111.1443,32.3955],[-111.1388,32.3791],[-111.14,32.3745],[-111.1588,32.3809],[-111.1906,32.3832],[-111.1966,32.3795],[-111.2338,32.3807],[-111.234,32.4025],[-111.2432,32.4023],[-111.251,32.3952],[-111.2425,32.3868],[-111.2423,32.3734],[-111.2338,32.3735],[-111.2338,32.3662],[-111.266,32.366],[-111.2702,32.3641],[-111.2699,32.3607],[-111.2795,32.3613],[-111.2795,32.3571],[-111.2912,32.3571],[-111.2913,32.3509]]]},"properties":{"ZCTA5":"85743","CENTLAT":"+32.3050120","CENTLON":"-111.1855085"}},{"type":"Feature","geometry":{"type":"Polygon","coordinates":[[[-112.1517,33.5102],[-112.1516,33.4805],[-112.1387,33.4804],[-112.1343,33.4841],[-112.1342,33.495],[-112.1386,33.4986],[-112.1342,33.5023],[-112.1343,33.5363],[-112.1375,33.5385],[-112.1516,33.5366],[-112.1517,33.5102]]]},"properties":{"ZCTA5":"85019","CENTLAT":"+33.5094646","CENTLON":"-112.1430826"}},{"type":"Feature","geometry":{"type":"Polygon","coordinates":[[[-110.3785,34.5843],[-110.3751,34.5564],[-110.3436,34.5552],[-110.3395,34.5324],[-110.3342,34.5262],[-110.325,34.5245],[-110.3227,34.5103],[-110.3102,34.4996],[-110.2483,34.497],[-110.2489,34.5159],[-110.24,34.5186],[-110.2412,34.5254],[-110.2375,34.5261],[-110.2244,34.5417],[-110.2501,34.5533],[-110.2519,34.5649],[-110.2561,34.5685],[-110.2568,34.5746],[-110.2649,34.5774],[-110.2646,34.5865],[-110.2729,34.5993],[-110.2641,34.6261],[-110.2471,34.6484],[-110.2461,34.6684],[-110.2396,34.6865],[-110.2435,34.7474],[-110.2512,34.7574],[-110.2385,34.7754],[-110.2122,34.7977],[-110.1599,34.8683],[-110.1483,34.851],[-110.1345,34.7976],[-110.0944,34.7896],[-110.0639,34.7879],[-110.0405,34.7796],[-110.0406,34.7935],[-110.0341,34.8],[-110.0187,34.8003],[-110.0186,34.8039],[-110.0095,34.804],[-110.0097,34.7926],[-110.0233,34.7854],[-110.0287,34.7786],[-110.0249,34.7739],[-110.0095,34.7747],[-110.0094,34.7675],[-110.0363,34.7672],[-110.0321,34.7553],[-110.0383,34.741],[-110.0366,34.7383],[-110.0205,34.7346],[-110.0104,34.7428],[-109.9957,34.7429],[-109.9945,34.7395],[-109.9899,34.7411],[-109.9811,34.7373],[-109.9807,34.7317],[-109.9771,34.733],[-109.9747,34.7301],[-109.9767,34.727],[-109.9701,34.7249],[-109.9734,34.7208],[-109.9708,34.7231],[-109.9644,34.7207],[-109.968,34.7206],[-109.9663,34.719],[-109.9547,34.7166],[-109.9481,34.7206],[-109.9434,34.716],[-109.9301,34.7209],[-109.9154,34.7183],[-109.91,34.7213],[-109.9029,34.7159],[-109.895,34.7148],[-109.8937,34.7171],[-109.8944,34.7137],[-109.8893,34.7098],[-109.8884,34.7134],[-109.8862,34.7089],[-109.8832,34.7102],[-109.8821,34.7042],[-109.8743,34.7046],[-109.8695,34.6932],[-109.8506,34.6964],[-109.8519,34.8225],[-109.8446,34.8226],[-109.8429,35.1702],[-110.1988,35.1704],[-110.1991,35.0556],[-110.2879,34.9509],[-110.2948,34.9462],[-110.3038,34.9499],[-110.3,34.9453],[-110.2811,34.9394],[-110.268,34.9258],[-110.2658,34.9133],[-110.27,34.9169],[-110.2702,34.8925],[-110.3234,34.8933],[-110.3239,34.8758],[-110.3417,34.8295],[-110.3407,34.8208],[-110.3231,34.7974],[-110.3255,34.7821],[-110.3372,34.7597],[-110.3354,34.7541],[-110.3386,34.7547],[-110.3522,34.6985],[-110.3463,34.6595],[-110.3678,34.6451],[-110.3719,34.6392],[-110.3699,34.6308],[-110.3637,34.6282],[-110.3782,34.6117],[-110.3785,34.5843]],[[-110.0918,34.9191],[-110.0876,34.9303],[-110.0894,34.9397],[-110.0848,34.9493],[-110.0856,34.9614],[-110.0827,34.9669],[-110.0881,34.9755],[-110.0719,34.9856],[-110.0395,34.9895],[-110.0395,34.9967],[-110.0131,34.9968],[-110.0131,34.9882],[-109.9498,34.9924],[-109.8983,34.9999],[-109.8985,34.9717],[-109.9456,34.9671],[-109.9465,34.9741],[-109.9499,34.9766],[-109.9587,34.9694],[-109.9772,34.9656],[-109.9936,34.9534],[-110.0076,34.9521],[-110.0903,34.9153],[-110.0918,34.9191]]]},"properties":{"ZCTA5":"86025","CENTLAT":"+34.9045514","CENTLON":"-110.0858856"}},{"type":"Feature","geometry":{"type":"Polygon","coordinates":[[[-111.8267,32.9526],[-111.8257,32.9197],[-111.785,32.8945],[-111.7744,32.8939],[-111.7744,32.8874],[-111.7855,32.8939],[-111.7895,32.8921],[-111.7894,32.8867],[-111.7918,32.8898],[-111.8089,32.8898],[-111.8089,32.8794],[-111.7752,32.8794],[-111.7749,32.8649],[-111.7574,32.8649],[-111.7574,32.8686],[-111.7518,32.8686],[-111.7498,32.872],[-111.7229,32.8562],[-111.7229,32.8348],[-111.7103,32.8332],[-111.6798,32.8145],[-111.685,32.8229],[-111.6872,32.848],[-111.6885,32.9203],[-111.748,32.9966],[-111.7923,32.9963],[-111.7915,32.953],[-111.8168,32.9505],[-111.8267,32.9526]]]},"properties":{"ZCTA5":"85122","CENTLAT":"+32.9167240","CENTLON":"-111.7479716"}},{"type":"Feature","geometry":{"type":"Polygon","coordinates":[[[-111.1091,32.3793],[-111.0897,32.3589],[-111.0395,32.3588],[-111.0247,32.348],[-111.015,32.3471],[-111.017,32.3522],[-111.0127,32.3522],[-111.0127,32.3641],[-111.0101,32.3653],[-111.0128,32.3663],[-111.0128,32.3735],[-111.0043,32.379],[-111.0043,32.3826],[-111.0128,32.3826],[-111.0129,32.4238],[-111.0191,32.4275],[-111.021,32.4238],[-111.0299,32.4238],[-111.028,32.4537],[-111.0331,32.4529],[-111.0338,32.4557],[-111.0338,32.4492],[-111.0381,32.4492],[-111.0381,32.4455],[-111.0464,32.4419],[-111.0464,32.4347],[-111.0352,32.4347],[-111.0352,32.4238],[-111.0468,32.4237],[-111.0469,32.4098],[-111.0632,32.4098],[-111.0633,32.4193],[-111.0676,32.4162],[-111.0676,32.4246],[-111.0718,32.4246],[-111.0719,32.421],[-111.0804,32.421],[-111.0804,32.41],[-111.0931,32.41],[-111.0931,32.4064],[-111.0974,32.4064],[-111.0974,32.4028],[-111.0889,32.4028],[-111.0889,32.3955],[-111.0973,32.3957],[-111.0954,32.3882],[-111.1091,32.3793]]]},"properties":{"ZCTA5":"85742","CENTLAT":"+32.3898000","CENTLON":"-111.0511329"}},{"type":"Feature","geometry":{"type":"Polygon","coordinates":[[[-112.4701,33.5836],[-112.4701,33.5807],[-112.4096,33.5807],[-112.4096,33.5954],[-112.3938,33.5951],[-112.3938,33.6096],[-112.4095,33.6097],[-112.4095,33.6336],[-112.4174,33.6347],[-112.4175,33.6311],[-112.4146,33.631],[-112.4175,33.6303],[-112.4172,33.6266],[-112.4116,33.6242],[-112.4187,33.6243],[-112.4181,33.6389],[-112.455,33.6385],[-112.4586,33.6363],[-112.4593,33.6074],[-112.4688,33.5931],[-112.4701,33.5836]]]},"properties":{"ZCTA5":"85388","CENTLAT":"+33.6074340","CENTLON":"-112.4341499"}},{"type":"Feature","geometry":{"type":"Polygon","coordinates":[[[-112.0303,34.4575],[-111.9853,34.4564],[-111.9853,34.4428],[-111.9924,34.4338],[-111.9975,34.434],[-111.9997,34.4306],[-111.9909,34.4204],[-111.9853,34.4201],[-111.9857,34.3725],[-111.9786,34.3694],[-111.8402,34.3691],[-111.824,34.3638],[-111.8119,34.3637],[-111.8105,34.3587],[-111.7985,34.3484],[-111.7865,34.3516],[-111.7037,34.3527],[-111.6962,34.3428],[-111.6641,34.3782],[-111.6637,34.3868],[-111.6553,34.3875],[-111.6417,34.3943],[-111.6303,34.3934],[-111.6303,34.3975],[-111.6114,34.4054],[-111.601,34.4193],[-111.5929,34.4191],[-111.5913,34.4221],[-111.5767,34.4206],[-111.5729,34.4233],[-111.5718,34.4298],[-111.5634,34.432],[-111.5542,34.4394],[-111.5533,34.5365],[-111.563,34.5351],[-111.5749,34.5395],[-111.5861,34.5345],[-111.589,34.5286],[-111.5863,34.5258],[-111.5959,34.5229],[-111.5973,34.5173],[-111.5922,34.5109],[-111.6084,34.5078],[-111.6182,34.5],[-111.6326,34.4994],[-111.6372,34.5055],[-111.6553,34.5145],[-111.7004,34.4862],[-111.7237,34.5036],[-111.7447,34.5124],[-111.7593,34.5059],[-111.7668,34.5077],[-111.7668,34.5253],[-111.7751,34.5253],[-111.777,34.5288],[-111.7731,34.5341],[-111.7447,34.5506],[-111.7323,34.5764],[-111.7308,34.5927],[-111.7367,34.5923],[-111.7347,34.5874],[-111.7422,34.5851],[-111.7487,34.5775],[-111.7635,34.5777],[-111.7689,34.5757],[-111.77,34.5719],[-111.7763,34.5717],[-111.7858,34.577],[-111.7831,34.5904],[-111.7936,34.5902],[-111.8095,34.6062],[-111.8262,34.603],[-111.8291,34.6055],[-111.8257,34.6056],[-111.8257,34.6132],[-111.8342,34.6138],[-111.8343,34.6165],[-111.8432,34.6201],[-111.8478,34.6132],[-111.8532,34.6128],[-111.8536,34.6566],[-111.9399,34.6592],[-111.9308,34.6423],[-111.9382,34.6368],[-111.9619,34.6327],[-111.8997,34.5654],[-111.9085,34.5563],[-111.9088,34.5424],[-111.9135,34.5388],[-111.9244,34.5387],[-111.9491,34.5298],[-111.9596,34.5338],[-111.9783,34.5321],[-112.0091,34.4885],[-112.0191,34.4797],[-112.0303,34.4575]]]},"properties":{"ZCTA5":"86322","CENTLAT":"+34.4748809","CENTLON":"-111.8058352"}},{"type":"Feature","geometry":{"type":"Polygon","coordinates":[[[-111.0133,32.4038],[-111.0128,32.3826],[-111.0043,32.3826],[-111.0096,32.3735],[-111.0022,32.3732],[-110.9958,32.3797],[-110.9958,32.3844],[-110.988,32.388],[-110.988,32.3807],[-110.9641,32.3809],[-110.9667,32.3881],[-110.9629,32.3922],[-110.9527,32.3916],[-110.9525,32.3806],[-110.9269,32.3803],[-110.9273,32.395],[-110.9108,32.3951],[-110.9102,32.4099],[-110.8931,32.4098],[-110.8929,32.4385],[-110.876,32.4386],[-110.8763,32.4545],[-110.9099,32.453],[-110.9102,32.4607],[-110.9216,32.4606],[-110.9214,32.4514],[-110.9265,32.4513],[-110.9265,32.459],[-110.9287,32.4589],[-110.9335,32.4502],[-110.9347,32.4269],[-110.9396,32.4271],[-110.9409,32.4232],[-110.9468,32.4272],[-110.9642,32.4241],[-111.0129,32.4238],[-111.0133,32.4038]]]},"properties":{"ZCTA5":"85737","CENTLAT":"+32.4142477","CENTLON":"-110.9468613"}},{"type":"Feature","geometry":{"type":"Polygon","coordinates":[[[-111.3007,33.258],[-111.2544,33.2649],[-111.2308,33.2762],[-111.2166,33.2725],[-111.1849,33.2734],[-111.1869,33.2687],[-111.1807,33.269],[-111.1777,33.2729],[-111.1753,33.2682],[-111.1787,33.26],[-111.1746,33.2494],[-111.1639,33.2493],[-111.1644,33.2127],[-111.1556,33.2109],[-111.1542,33.2074],[-111.1486,33.2084],[-111.1471,33.2335],[-111.1445,33.2352],[-111.1489,33.2503],[-111.1405,33.251],[-111.1365,33.2572],[-111.1304,33.256],[-111.1243,33.2599],[-111.1195,33.2538],[-111.1125,33.2527],[-111.105,33.2371],[-111.0702,33.2202],[-111.0595,33.2068],[-111.033,33.2066],[-111.0331,33.2278],[-111.0439,33.2423],[-111.042,33.2502],[-111.0504,33.2503],[-111.0504,33.2924],[-111.0483,33.2924],[-111.0507,33.3044],[-111.0483,33.3063],[-111.059,33.3114],[-111.0579,33.3133],[-111.0811,33.3038],[-111.0949,33.3064],[-111.1214,33.2945],[-111.1203,33.2911],[-111.1246,33.2852],[-111.1356,33.2835],[-111.1709,33.2851],[-111.1939,33.2899],[-111.1886,33.2972],[-111.194,33.3006],[-111.1939,33.305],[-111.1983,33.3061],[-111.2022,33.317],[-111.2206,33.3208],[-111.2449,33.3014],[-111.2573,33.2971],[-111.2655,33.2992],[-111.2658,33.2922],[-111.2691,33.2922],[-111.2689,33.2805],[-111.2817,33.2744],[-111.3007,33.258]]]},"properties":{"ZCTA5":"85173","CENTLAT":"+33.2682714","CENTLON":"-111.1364828"}},{"type":"Feature","geometry":{"type":"Polygon","coordinates":[[[-112.404,33.6805],[-112.3504,33.6387],[-112.3555,33.6459],[-112.342,33.6434],[-112.3394,33.6387],[-112.3247,33.6387],[-112.3252,33.6822],[-112.3342,33.6821],[-112.334,33.6983],[-112.3528,33.6984],[-112.3889,33.6924],[-112.404,33.6805]]]},"properties":{"ZCTA5":"85375","CENTLAT":"+33.6716129","CENTLON":"-112.3565271"}},{"type":"Feature","geometry":{"type":"Polygon","coordinates":[[[-110.6957,32.4732],[-110.6957,32.471],[-110.6388,32.471],[-110.6387,32.4567],[-110.6217,32.4565],[-110.6218,32.442],[-110.6047,32.4421],[-110.6046,32.3988],[-110.5877,32.3989],[-110.5876,32.3844],[-110.5706,32.3844],[-110.5707,32.3696],[-110.5532,32.3696],[-110.5525,32.3132],[-110.5608,32.313],[-110.5863,32.3033],[-110.5976,32.3023],[-110.601,32.3076],[-110.6187,32.3031],[-110.6234,32.2937],[-110.6301,32.2911],[-110.6381,32.2711],[-110.6469,32.2666],[-110.6461,32.2636],[-110.6548,32.2611],[-110.6568,32.2569],[-110.6697,32.2529],[-110.6698,32.2351],[-110.4985,32.2368],[-110.499,32.1064],[-110.553,32.1066],[-110.5536,32.0559],[-110.5454,32.056],[-110.5453,32.0487],[-110.4683,32.0494],[-110.4712,32.043],[-110.4697,32.0342],[-110.4871,32.0253],[-110.5128,32.0276],[-110.5273,32.0388],[-110.5285,31.9943],[-110.4997,31.9888],[-110.482,31.9812],[-110.4548,31.9898],[-110.4515,31.99],[-110.4515,31.9874],[-110.4706,31.9842],[-110.481,31.9784],[-110.4968,31.9816],[-110.5252,31.9749],[-110.5279,31.9615],[-110.5705,31.9675],[-110.5693,31.9593],[-110.5727,31.9533],[-110.5777,31.948],[-110.5843,31.948],[-110.469,31.9476],[-110.4655,31.9445],[-110.4632,31.9269],[-110.4509,31.914],[-110.4523,31.7445],[-110.3843,31.7449],[-110.3845,31.7597],[-110.3675,31.7596],[-110.3675,31.779],[-110.3503,31.7816],[-110.3499,31.8045],[-110.3415,31.8487],[-110.3413,31.9011],[-110.3245,31.9117],[-110.3015,31.9207],[-110.2842,31.9329],[-110.2817,31.9307],[-110.2813,31.9471],[-110.2734,31.9448],[-110.273,31.9491],[-110.2604,31.9491],[-110.258,31.9366],[-110.2467,31.9199],[-110.2373,31.926],[-110.1955,31.9295],[-110.1794,31.9438],[-110.1691,31.9484],[-110.1466,31.9494],[-110.1476,31.9997],[-110.162,31.9991],[-110.1627,32.0034],[-110.163,32.0185],[-110.154,32.0299],[-110.1612,32.0286],[-110.1626,32.032],[-110.1605,32.0382],[-110.1522,32.0402],[-110.163,32.0407],[-110.1746,32.0504],[-110.19,32.0533],[-110.195,32.0574],[-110.2051,32.0512],[-110.2123,32.0507],[-110.2182,32.0566],[-110.2276,32.0598],[-110.2192,32.0646],[-110.2057,32.0915],[-110.1995,32.0939],[-110.2003,32.1015],[-110.1859,32.111],[-110.1875,32.1171],[-110.183,32.1173],[-110.1757,32.1386],[-110.1628,32.1591],[-110.1635,32.1615],[-110.172,32.1616],[-110.1861,32.1745],[-110.1896,32.1727],[-110.2021,32.1758],[-110.2074,32.1948],[-110.2059,32.2002],[-110.1914,32.204],[-110.1828,32.1998],[-110.1606,32.1966],[-110.152,32.1913],[-110.144,32.1917],[-110.1166,32.2172],[-110.1027,32.2167],[-110.0852,32.2305],[-110.0763,32.2294],[-110.1027,32.259],[-110.1374,32.2882],[-110.1498,32.2885],[-110.163,32.2787],[-110.1885,32.276],[-110.1871,32.2741],[-110.1928,32.2722],[-110.1942,32.2671],[-110.2504,32.2674],[-110.2516,32.3779],[-110.2541,32.384],[-110.265,32.3887],[-110.2709,32.4014],[-110.269,32.4266],[-110.4515,32.4275],[-110.4515,32.514],[-110.5961,32.5132],[-110.6391,32.4954],[-110.6582,32.4915],[-110.6565,32.49],[-110.6688,32.4883],[-110.6822,32.4978],[-110.6866,32.4888],[-110.6956,32.4887],[-110.6957,32.4732]],[[-110.2986,32.0176],[-110.2986,32.0218],[-110.1748,32.021],[-110.1841,32.0195],[-110.1852,32.0165],[-110.2011,32.0093],[-110.2131,31.998],[-110.2459,31.9866],[-110.2647,31.9843],[-110.2731,31.9888],[-110.2731,31.9923],[-110.2858,31.9926],[-110.2858,31.9997],[-110.2901,31.9997],[-110.2901,32.014],[-110.296,32.0139],[-110.2986,32.0176]]]},"properties":{"ZCTA5":"85602","CENTLAT":"+32.1726362","CENTLON":"-110.3863420"}},{"type":"Feature","geometry":{"type":"Polygon","coordinates":[[[-113.2667,34.4752],[-113.2646,34.4649],[-113.2441,34.4597],[-113.2403,34.4366],[-113.2455,34.4289],[-113.2259,34.4111],[-113.1783,34.3818],[-113.1675,34.3701],[-113.1522,34.3707],[-113.1341,34.3656],[-113.1202,34.3667],[-113.111,34.3726],[-113.0915,34.369],[-113.0909,34.3658],[-113.0831,34.3639],[-113.0778,34.3669],[-113.0691,34.3657],[-113.0664,34.3553],[-113.0631,34.3549],[-113.0624,34.3605],[-113.0519,34.357],[-113.034,34.3665],[-113.0239,34.3761],[-113.0241,34.382],[-113.0144,34.3883],[-113.0091,34.3881],[-113.0093,34.3929],[-112.9893,34.4038],[-112.9743,34.4042],[-112.9587,34.3997],[-112.9401,34.375],[-112.9402,34.368],[-112.9202,34.3108],[-112.9091,34.301],[-112.9174,34.3092],[-112.9208,34.3259],[-112.919,34.344],[-112.9104,34.3509],[-112.91,34.3621],[-112.9133,34.3721],[-112.9304,34.3959],[-112.9181,34.4165],[-112.913,34.4166],[-112.9063,34.4246],[-112.9139,34.4247],[-112.9172,34.4316],[-112.9389,34.4444],[-112.9635,34.444],[-112.9759,34.4507],[-112.977,34.4542],[-112.9845,34.4533],[-113.0007,34.4648],[-112.9918,34.4661],[-112.9859,34.4762],[-112.9883,34.4793],[-112.9867,34.4895],[-112.9823,34.4951],[-112.9727,34.5243],[-112.9885,34.5261],[-112.995,34.5344],[-112.9848,34.5414],[-112.9726,34.5438],[-112.9715,34.5489],[-112.9623,34.5521],[-112.9583,34.5602],[-112.9493,34.5619],[-112.9549,34.5708],[-112.9479,34.5737],[-112.9551,34.5763],[-112.9503,34.5835],[-112.9513,34.5915],[-112.9477,34.5943],[-112.9481,34.5996],[-112.928,34.6172],[-112.9182,34.6147],[-112.9171,34.6187],[-112.913,34.6195],[-112.9153,34.6325],[-112.9132,34.6347],[-112.9226,34.6496],[-112.9163,34.6609],[-112.9071,34.6664],[-112.9106,34.671],[-112.9077,34.679],[-112.9097,34.6903],[-112.9063,34.6932],[-112.9102,34.6955],[-112.9074,34.698],[-112.9128,34.7048],[-112.9206,34.7057],[-112.9269,34.712],[-112.9339,34.7118],[-112.9389,34.7154],[-112.9417,34.7198],[-112.9412,34.7304],[-112.9538,34.7293],[-112.9631,34.733],[-112.9747,34.7331],[-112.9781,34.7419],[-112.995,34.7373],[-113.0019,34.7226],[-113.0274,34.7047],[-113.0361,34.7091],[-113.0412,34.708],[-113.0437,34.7012],[-113.0467,34.7053],[-113.0438,34.7149],[-113.0464,34.7177],[-113.1451,34.7182],[-113.1451,34.745],[-113.1708,34.7559],[-113.1768,34.7507],[-113.1818,34.7507],[-113.1887,34.7392],[-113.1928,34.7392],[-113.2048,34.7296],[-113.2216,34.7313],[-113.2314,34.7113],[-113.2413,34.7058],[-113.2267,34.6919],[-113.2247,34.6785],[-113.2328,34.6558],[-113.233,34.6334],[-113.2233,34.6155],[-113.221,34.6133],[-113.2212,34.6178],[-113.2186,34.6164],[-113.2134,34.6089],[-113.2145,34.6041],[-113.2186,34.6011],[-113.2221,34.6035],[-113.2262,34.5981],[-113.2191,34.5948],[-113.2198,34.592],[-113.2326,34.5891],[-113.2352,34.5825],[-113.2418,34.5817],[-113.2432,34.5765],[-113.2387,34.5725],[-113.2401,34.5552],[-113.2323,34.5553],[-113.2222,34.5479],[-113.2348,34.5326],[-113.2317,34.5259],[-113.2338,34.52],[-113.2449,34.5227],[-113.2598,34.512],[-113.257,34.5066],[-113.2627,34.4964],[-113.261,34.4892],[-113.2667,34.4752]]]},"properties":{"ZCTA5":"86321","CENTLAT":"+34.5535580","CENTLON":"-113.0889583"}},{"type":"Feature","geometry":{"type":"Polygon","coordinates":[[[-112.0822,33.4189],[-112.0733,33.4199],[-112.0734,33.4088],[-112.0765,33.4067],[-112.0733,33.4067],[-112.0744,33.3927],[-112.0695,33.3907],[-112.0168,33.3938],[-112.0063,33.3889],[-112.0041,33.3926],[-111.9955,33.3927],[-111.9955,33.396],[-111.9935,33.3927],[-111.9784,33.3936],[-111.9784,33.4219],[-111.9998,33.422],[-111.9998,33.4182],[-112.0105,33.4122],[-112.0184,33.4191],[-112.042,33.4166],[-112.0759,33.4223],[-112.0822,33.4189]]]},"properties":{"ZCTA5":"85040","CENTLAT":"+33.4058486","CENTLON":"-112.0265711"}},{"type":"Feature","geometry":{"type":"Polygon","coordinates":[[[-112.2378,33.554],[-112.2377,33.5088],[-112.2032,33.5094],[-112.2052,33.5222],[-112.2031,33.5257],[-112.2052,33.5257],[-112.2031,33.5297],[-112.2075,33.5296],[-112.2031,33.5311],[-112.2036,33.553],[-112.2117,33.5602],[-112.2378,33.5593],[-112.2378,33.554]],[[-112.2074,33.5364],[-112.2035,33.537],[-112.2034,33.5349],[-112.2074,33.5364]]]},"properties":{"ZCTA5":"85303","CENTLAT":"+33.5339762","CENTLON":"-112.2208429"}},{"type":"Feature","geometry":{"type":"Polygon","coordinates":[[[-112.0914,33.4817],[-112.075,33.4803],[-112.079,33.4838],[-112.0749,33.4932],[-112.0782,33.4967],[-112.0738,33.4966],[-112.0765,33.4984],[-112.0738,33.5038],[-112.0781,33.5039],[-112.0738,33.5047],[-112.0737,33.5117],[-112.0781,33.5118],[-112.0737,33.5129],[-112.0751,33.5383],[-112.0889,33.5385],[-112.0895,33.5363],[-112.0905,33.5385],[-112.0914,33.4817]]]},"properties":{"ZCTA5":"85013","CENTLAT":"+33.5100048","CENTLON":"-112.0829143"}},{"type":"Feature","geometry":{"type":"Polygon","coordinates":[[[-112.083,33.4794],[-112.0805,33.4371],[-112.0824,33.4269],[-112.0783,33.4286],[-112.0783,33.4264],[-112.0824,33.4258],[-112.0822,33.4189],[-112.0733,33.4221],[-112.0738,33.4657],[-112.0759,33.4657],[-112.0738,33.4757],[-112.075,33.4803],[-112.083,33.4794]]]},"properties":{"ZCTA5":"85003","CENTLAT":"+33.4505201","CENTLON":"-112.0783435"}},{"type":"Feature","geometry":{"type":"MultiPolygon","coordinates":[[[[-112.0156,33.5134],[-112.013,33.5118],[-112.0152,33.5025],[-112.013,33.5026],[-112.013,33.493],[-112.0151,33.4929],[-112.0129,33.4805],[-111.961,33.4782],[-111.949,33.4826],[-111.952,33.4875],[-111.952,33.5026],[-111.9433,33.5092],[-111.9581,33.509],[-111.9579,33.5128],[-111.9694,33.5161],[-111.9694,33.522],[-111.9924,33.5248],[-111.9951,33.5237],[-111.9952,33.5136],[-112.0129,33.5185],[-112.013,33.5141],[-112.0156,33.5134]]],[[[-112.0383,33.5505],[-112.0302,33.5497],[-112.0281,33.5368],[-112.0139,33.545],[-112.0129,33.532],[-111.9977,33.5319],[-111.9953,33.5537],[-111.9864,33.5535],[-111.9867,33.5664],[-111.9811,33.5722],[-111.9844,33.5747],[-111.9957,33.5682],[-112.0203,33.5655],[-112.023,33.5723],[-112.0377,33.5621],[-112.0383,33.5505]]]]},"properties":{"ZCTA5":"85018","CENTLAT":"+33.5194138","CENTLON":"-111.9931153"}},{"type":"Feature","geometry":{"type":"Polygon","coordinates":[[[-111.9661,32.6508],[-111.9616,32.6503],[-111.9608,32.6472],[-111.9393,32.6474],[-111.9281,32.6385],[-111.9155,32.649],[-111.9265,32.6608],[-111.9213,32.6802],[-111.9065,32.6957],[-111.8981,32.6875],[-111.8909,32.6892],[-111.8872,32.694],[-111.8851,32.7131],[-111.9,32.7156],[-111.889,32.719],[-111.908,32.7364],[-111.8611,32.7635],[-111.8776,32.7634],[-111.8783,32.7921],[-111.8285,32.7915],[-111.821,32.7863],[-111.8258,32.7877],[-111.8348,32.7786],[-111.81,32.7656],[-111.8103,32.7595],[-111.8173,32.7581],[-111.7984,32.7513],[-111.8093,32.7469],[-111.8094,32.7398],[-111.8215,32.7332],[-111.8102,32.7338],[-111.8064,32.7269],[-111.8224,32.713],[-111.8249,32.6949],[-111.8746,32.6389],[-111.8994,32.6014],[-111.8955,32.601],[-111.8933,32.595],[-111.8875,32.5918],[-111.8788,32.5989],[-111.8613,32.5876],[-111.8612,32.5938],[-111.8543,32.5834],[-111.8416,32.5806],[-111.8313,32.5802],[-111.7951,32.6269],[-111.7926,32.6237],[-111.7926,32.6805],[-111.7758,32.6808],[-111.7744,32.7192],[-111.7403,32.7189],[-111.7406,32.7631],[-111.6542,32.763],[-111.6549,32.7412],[-111.6457,32.7412],[-111.6455,32.7485],[-111.637,32.7485],[-111.6363,32.7702],[-111.654,32.7706],[-111.6539,32.7775],[-111.6514,32.7775],[-111.6539,32.7848],[-111.671,32.785],[-111.671,32.8049],[-111.6798,32.8067],[-111.6798,32.8145],[-111.7103,32.8332],[-111.7229,32.8348],[-111.7229,32.8562],[-111.7498,32.872],[-111.7518,32.8686],[-111.7574,32.8686],[-111.7574,32.8649],[-111.7749,32.8649],[-111.7752,32.8794],[-111.8089,32.8794],[-111.8089,32.8898],[-111.7918,32.8898],[-111.7894,32.8867],[-111.7895,32.8921],[-111.7855,32.8939],[-111.7744,32.8874],[-111.7744,32.8939],[-111.785,32.8945],[-111.8258,32.9201],[-111.8267,32.9526],[-111.8168,32.9505],[-111.7914,32.9533],[-111.7923,32.9963],[-111.8951,32.996],[-111.8952,33.0119],[-111.9134,33.0137],[-111.9121,32.9726],[-111.8949,32.9615],[-111.8949,32.8939],[-111.8775,32.894],[-111.8776,32.8795],[-111.912,32.8794],[-111.912,32.7968],[-111.9215,32.7966],[-111.921,32.7826],[-111.9292,32.7824],[-111.9293,32.7676],[-111.9636,32.7665],[-111.956,32.7437],[-111.9345,32.7191],[-111.947,32.7072],[-111.9661,32.6508]]]},"properties":{"ZCTA5":"85193","CENTLAT":"+32.7981072","CENTLON":"-111.8280688"}},{"type":"Feature","geometry":{"type":"Polygon","coordinates":[[[-110.3232,34.4829],[-110.3231,34.468],[-110.2672,34.4687],[-110.2671,34.4611],[-110.1952,34.4601],[-110.177,34.461],[-110.176,34.4693],[-110.1671,34.4694],[-110.1671,34.4753],[-110.1662,34.4719],[-110.1595,34.4756],[-110.1531,34.4837],[-110.0962,34.4843],[-110.0962,34.481],[-110.0842,34.4808],[-110.093,34.4625],[-110.0905,34.4461],[-110.0841,34.4404],[-110.0769,34.4456],[-110.08,34.4501],[-110.0899,34.4535],[-110.0898,34.4594],[-110.088,34.4678],[-110.082,34.47],[-110.0768,34.4808],[-110.0511,34.4746],[-110.036,34.4754],[-110.0403,34.4697],[-110.0179,34.4603],[-110.0118,34.4523],[-110.0066,34.4514],[-110.0066,34.447],[-109.9894,34.447],[-109.9893,34.444],[-109.9843,34.4424],[-109.9586,34.4397],[-109.9587,34.4361],[-109.9494,34.4362],[-109.9493,34.4326],[-109.9449,34.4325],[-109.9492,34.4249],[-109.9366,34.4213],[-109.9362,34.4399],[-109.9298,34.4405],[-109.9224,34.4504],[-109.9137,34.4556],[-109.9103,34.4635],[-109.9054,34.464],[-109.9081,34.4727],[-109.8982,34.4761],[-109.8641,34.4738],[-109.8678,34.4768],[-109.8556,34.4728],[-109.8481,34.4602],[-109.8468,34.4735],[-109.8652,34.5597],[-109.8505,34.6473],[-109.8506,34.6964],[-109.8695,34.6932],[-109.8743,34.7046],[-109.8821,34.7042],[-109.8832,34.7102],[-109.8862,34.7089],[-109.8884,34.7134],[-109.8893,34.7098],[-109.8944,34.7137],[-109.8937,34.7171],[-109.895,34.7148],[-109.9029,34.7159],[-109.91,34.7213],[-109.9154,34.7183],[-109.9301,34.7209],[-109.9434,34.716],[-109.9481,34.7206],[-109.9547,34.7166],[-109.9663,34.719],[-109.968,34.7206],[-109.9644,34.7207],[-109.9708,34.7231],[-109.9734,34.7208],[-109.9701,34.7249],[-109.9767,34.727],[-109.9747,34.7301],[-109.9771,34.733],[-109.9807,34.7317],[-109.9811,34.7373],[-109.9899,34.7411],[-109.9945,34.7395],[-109.9957,34.7429],[-110.0104,34.7428],[-110.017,34.7356],[-110.0306,34.7354],[-110.0271,34.7217],[-110.0308,34.7189],[-110.0333,34.6661],[-110.0474,34.6435],[-110.0966,34.6431],[-110.0911,34.6151],[-110.1325,34.6157],[-110.1309,34.6087],[-110.1399,34.6036],[-110.1422,34.5971],[-110.1434,34.5742],[-110.1409,34.563],[-110.1502,34.5498],[-110.1659,34.5406],[-110.1757,34.526],[-110.2058,34.5404],[-110.2233,34.5605],[-110.2351,34.5684],[-110.2554,34.5753],[-110.2562,34.5687],[-110.2519,34.5649],[-110.2501,34.5533],[-110.2244,34.5417],[-110.2375,34.5261],[-110.2412,34.5254],[-110.24,34.5186],[-110.2489,34.5159],[-110.2478,34.4851],[-110.3232,34.4829]]]},"properties":{"ZCTA5":"85937","CENTLAT":"+34.5692367","CENTLON":"-110.0129154"}},{"type":"Feature","geometry":{"type":"Polygon","coordinates":[[[-111.748,32.9966],[-111.6885,32.9203],[-111.6851,32.8327],[-111.6668,32.8213],[-111.6385,32.8212],[-111.6368,32.8284],[-111.6312,32.8213],[-111.6196,32.8212],[-111.6195,32.8357],[-111.5325,32.8359],[-111.5325,32.8504],[-111.5153,32.8504],[-111.5152,32.8722],[-111.5325,32.8722],[-111.5324,32.894],[-111.541,32.894],[-111.5411,32.9085],[-111.5324,32.9085],[-111.5323,32.9375],[-111.653,32.9383],[-111.653,32.9458],[-111.6487,32.9456],[-111.6487,32.9528],[-111.6576,32.9529],[-111.6575,32.9602],[-111.6525,32.9602],[-111.6526,32.9673],[-111.6875,32.967],[-111.6877,32.9961],[-111.748,32.9966]]]},"properties":{"ZCTA5":"85194","CENTLAT":"+32.8967417","CENTLON":"-111.6243615"}},{"type":"Feature","geometry":{"type":"Polygon","coordinates":[[[-111.0216,33.6659],[-111.0178,33.6588],[-110.9979,33.6597],[-110.9929,33.6483],[-110.9845,33.647],[-110.9829,33.649],[-110.9923,33.649],[-110.9807,33.6543],[-110.9635,33.6481],[-110.961,33.6421],[-110.9711,33.6304],[-110.9652,33.6219],[-110.9548,33.6203],[-110.9523,33.6312],[-110.9484,33.6325],[-110.9217,33.6193],[-110.9291,33.6166],[-110.9482,33.5872],[-110.9491,33.5789],[-110.9438,33.5593],[-110.9281,33.5405],[-110.9137,33.5335],[-110.9103,33.5256],[-110.8932,33.5241],[-110.8872,33.5181],[-110.873,33.5204],[-110.8697,33.5184],[-110.868,33.5028],[-110.8624,33.4904],[-110.8606,33.437],[-110.847,33.4369],[-110.8488,33.4313],[-110.8432,33.4278],[-110.8433,33.4224],[-110.8299,33.4224],[-110.8324,33.4414],[-110.8257,33.4216],[-110.8094,33.4292],[-110.8127,33.4194],[-110.8158,33.4189],[-110.813,33.4149],[-110.8153,33.4126],[-110.8279,33.4136],[-110.8286,33.4045],[-110.8234,33.4036],[-110.8297,33.4007],[-110.8391,33.4021],[-110.8431,33.3924],[-110.854,33.3937],[-110.849,33.3903],[-110.8507,33.3868],[-110.844,33.3789],[-110.8607,33.3789],[-110.872,33.3128],[-110.8692,33.3065],[-110.8721,33.304],[-110.8714,33.2944],[-110.8636,33.2839],[-110.8639,33.2768],[-110.8591,33.2762],[-110.8588,33.2726],[-110.8635,33.2707],[-110.8661,33.2635],[-110.8603,33.2576],[-110.8498,33.2558],[-110.847,33.2593],[-110.8408,33.2563],[-110.839,33.2584],[-110.8367,33.2558],[-110.8393,33.2515],[-110.8318,33.2416],[-110.8282,33.2453],[-110.8248,33.2401],[-110.8121,33.2338],[-110.8097,33.2401],[-110.81,33.2317],[-110.7984,33.236],[-110.7893,33.2257],[-110.8033,33.2035],[-110.8056,33.1908],[-110.8117,33.1816],[-110.8109,33.1748],[-110.8054,33.1672],[-110.8055,33.1536],[-110.787,33.1363],[-110.7865,33.1234],[-110.7766,33.1272],[-110.753,33.121],[-110.7437,33.1159],[-110.7315,33.1001],[-110.7164,33.0932],[-110.7062,33.1032],[-110.7064,33.17],[-110.7528,33.1706],[-110.6951,33.5001],[-110.6939,33.5042],[-110.5304,33.6377],[-110.5259,33.8144],[-110.5404,33.8245],[-110.5511,33.8267],[-110.5581,33.8384],[-110.5669,33.825],[-110.5853,33.8361],[-110.5916,33.8291],[-110.6003,33.831],[-110.6069,33.8232],[-110.6165,33.8214],[-110.6237,33.8256],[-110.6261,33.8228],[-110.6239,33.813],[-110.6299,33.8078],[-110.6422,33.8157],[-110.6498,33.8158],[-110.6491,33.8119],[-110.6582,33.8088],[-110.6556,33.8013],[-110.672,33.7873],[-110.6763,33.7744],[-110.6892,33.7684],[-110.6936,33.7507],[-110.69,33.7405],[-110.7044,33.7397],[-110.7158,33.7292],[-110.723,33.729],[-110.723,33.7252],[-110.7166,33.7197],[-110.7186,33.7113],[-110.7372,33.7096],[-110.7293,33.704],[-110.735,33.6977],[-110.7492,33.6984],[-110.7447,33.6932],[-110.746,33.6895],[-110.7413,33.6871],[-110.7424,33.6839],[-110.7413,33.6869],[-110.7461,33.6894],[-110.7448,33.6932],[-110.7495,33.698],[-110.7445,33.6982],[-110.7583,33.7516],[-110.7698,33.7496],[-110.7836,33.7519],[-110.8078,33.7448],[-110.8081,33.7318],[-110.8133,33.7235],[-110.827,33.7065],[-110.8368,33.704],[-110.8395,33.6941],[-110.8434,33.6923],[-110.8426,33.6812],[-110.9773,33.6811],[-110.9828,33.7057],[-110.9769,33.7169],[-110.9874,33.7215],[-111.0005,33.7177],[-111.008,33.7094],[-111.0145,33.6854],[-111.0136,33.6766],[-111.0188,33.6736],[-111.0216,33.6659]]]},"properties":{"ZCTA5":"85501","CENTLAT":"+33.5454271","CENTLON":"-110.7480301"}},{"type":"Feature","geometry":{"type":"Polygon","coordinates":[[[-112.4615,33.466],[-112.4615,33.4618],[-112.4587,33.4614],[-112.3809,33.4611],[-112.341,33.4577],[-112.3409,33.4788],[-112.3553,33.4789],[-112.358,33.4861],[-112.3626,33.4858],[-112.3625,33.4934],[-112.3753,33.4934],[-112.3753,33.499],[-112.3795,33.4989],[-112.3794,33.5082],[-112.4614,33.5082],[-112.4615,33.4937],[-112.4442,33.4937],[-112.4441,33.4794],[-112.4615,33.4792],[-112.4615,33.466]]]},"properties":{"ZCTA5":"85395","CENTLAT":"+33.4820725","CENTLON":"-112.4051672"}},{"type":"Feature","geometry":{"type":"Polygon","coordinates":[[[-110.1403,32.8512],[-110.1375,32.8439],[-110.1222,32.8403],[-110.1098,32.8509],[-110.1003,32.8539],[-110.0616,32.8496],[-110.0492,32.8441],[-110.0517,32.8414],[-110.0474,32.8405],[-110.0477,32.8344],[-110.0438,32.8309],[-110.0438,32.8159],[-110.0352,32.8262],[-110.0268,32.828],[-110.0221,32.8362],[-110.0134,32.8407],[-109.9602,32.8394],[-109.9574,32.8349],[-109.9736,32.8134],[-109.9849,32.8063],[-109.9914,32.7931],[-109.9903,32.7836],[-109.9978,32.7715],[-109.998,32.7641],[-110.0054,32.7542],[-110.0051,32.7353],[-110.0002,32.7272],[-109.9913,32.7266],[-109.976,32.7166],[-109.9667,32.719],[-109.9655,32.7146],[-109.957,32.7088],[-109.9403,32.7164],[-109.9348,32.7054],[-109.9242,32.6991],[-109.9191,32.704],[-109.9109,32.7047],[-109.9103,32.7122],[-109.9024,32.7229],[-109.8793,32.7423],[-109.8807,32.7526],[-109.8613,32.7718],[-109.8521,32.7924],[-109.8383,32.8033],[-109.8398,32.8143],[-109.8372,32.822],[-109.8133,32.8383],[-109.8098,32.8496],[-109.8016,32.8565],[-109.8014,32.8675],[-109.7932,32.8677],[-109.8046,32.8785],[-109.8056,32.8965],[-109.794,32.8926],[-109.8025,32.8979],[-109.8092,32.9073],[-109.8012,32.9072],[-109.8009,32.9037],[-109.7795,32.9034],[-109.7702,32.9169],[-109.7689,32.9205],[-109.7727,32.9238],[-109.7923,32.9268],[-109.7924,32.9444],[-109.783,32.9444],[-109.783,33.0051],[-109.7691,33.0117],[-109.7601,33.0108],[-109.7583,33.0149],[-109.7593,33.0378],[-109.7639,33.0442],[-109.76,33.0495],[-109.7607,33.0554],[-109.7529,33.0585],[-109.7511,33.0489],[-109.751,33.0515],[-109.7386,33.0439],[-109.7341,33.0346],[-109.7369,33.0305],[-109.7359,33.0185],[-109.7233,33.0134],[-109.7231,33.0097],[-109.7053,33.0132],[-109.7031,33.0199],[-109.7059,33.0287],[-109.7007,33.033],[-109.7046,33.0409],[-109.7081,33.0435],[-109.714,33.0403],[-109.7163,33.048],[-109.7249,33.0465],[-109.731,33.0504],[-109.7311,33.0556],[-109.7394,33.0557],[-109.7333,33.0708],[-109.7403,33.0778],[-109.7474,33.0711],[-109.7595,33.0704],[-109.7659,33.0926],[-109.7751,33.1003],[-109.767,33.123],[-109.7724,33.1262],[-109.7829,33.1207],[-109.7828,33.179],[-109.7887,33.1895],[-109.807,33.1971],[-109.8116,33.2067],[-109.8163,33.2013],[-109.8265,33.1993],[-109.8376,33.1905],[-109.8575,33.1852],[-109.8595,33.2004],[-109.8616,33.1986],[-109.8682,33.2035],[-109.8803,33.202],[-109.885,33.2063],[-109.906,33.2094],[-109.9211,33.2171],[-109.9315,33.2497],[-109.94,33.2534],[-109.9372,33.0276],[-109.9317,33.0256],[-109.93,33.0194],[-109.9245,33.0165],[-109.9149,33.0162],[-109.9148,32.9946],[-109.9105,32.9945],[-109.9096,32.9909],[-109.8976,32.9906],[-109.8975,32.9617],[-109.9163,32.9617],[-109.9208,32.988],[-109.9236,32.988],[-109.9289,32.9986],[-109.9408,32.9965],[-109.9468,33.0055],[-109.9563,33.0061],[-109.9666,33.0021],[-109.9869,33.0046],[-110.0248,32.9753],[-110.0563,32.9709],[-110.0548,32.8751],[-110.093,32.8956],[-110.1005,32.9061],[-110.114,32.8953],[-110.1201,32.8757],[-110.1321,32.8758],[-110.1301,32.8687],[-110.138,32.8642],[-110.1403,32.8512]]]},"properties":{"ZCTA5":"85543","CENTLAT":"+32.9591207","CENTLON":"-109.9013284"}},{"type":"Feature","geometry":{"type":"Polygon","coordinates":[[[-112.3268,34.5435],[-112.3164,34.5433],[-112.3053,34.5301],[-112.3091,34.5308],[-112.3093,34.5074],[-112.2826,34.5066],[-112.2819,34.5139],[-112.2616,34.5181],[-112.2468,34.5142],[-112.2465,34.511],[-112.231,34.5133],[-112.2278,34.5068],[-112.2296,34.5026],[-112.2056,34.5023],[-112.2028,34.4996],[-112.2052,34.4997],[-112.2032,34.4844],[-112.2374,34.4846],[-112.2342,34.4786],[-112.2375,34.4772],[-112.2348,34.4746],[-112.2385,34.4666],[-112.2271,34.4582],[-112.2268,34.4541],[-112.2223,34.4544],[-112.2227,34.4472],[-112.2148,34.4502],[-112.213,34.4468],[-112.1996,34.4457],[-112.1997,34.4379],[-112.2046,34.435],[-112.1841,34.4351],[-112.0906,34.4079],[-112.0771,34.4073],[-112.0764,34.4115],[-112.083,34.4169],[-112.0796,34.4267],[-112.0821,34.4485],[-112.0885,34.4565],[-112.0304,34.4565],[-112.0191,34.4797],[-112.0082,34.4897],[-111.9791,34.5316],[-111.9598,34.5338],[-111.9491,34.5298],[-111.9244,34.5387],[-111.9128,34.539],[-111.9086,34.5431],[-111.9082,34.5572],[-111.8997,34.5654],[-111.9947,34.6703],[-112.0368,34.6655],[-112.0464,34.6598],[-112.0654,34.6542],[-112.0717,34.6555],[-112.0746,34.6523],[-112.0853,34.6556],[-112.0958,34.6495],[-112.0975,34.6534],[-112.1112,34.6532],[-112.1297,34.6679],[-112.1371,34.6678],[-112.1533,34.6747],[-112.1547,34.6793],[-112.1504,34.6916],[-112.1388,34.6981],[-112.1393,34.7057],[-112.1477,34.7035],[-112.1497,34.7076],[-112.1556,34.7003],[-112.1614,34.7032],[-112.161,34.6987],[-112.1681,34.6957],[-112.1684,34.6929],[-112.1684,34.7012],[-112.2017,34.7012],[-112.2013,34.6844],[-112.1965,34.6768],[-112.2018,34.6721],[-112.207,34.6721],[-112.2019,34.6721],[-112.2023,34.5995],[-112.222,34.5885],[-112.2378,34.5718],[-112.2518,34.5718],[-112.2519,34.5751],[-112.2561,34.5768],[-112.2599,34.5913],[-112.2419,34.6262],[-112.273,34.6254],[-112.2728,34.6003],[-112.2799,34.6002],[-112.2707,34.5868],[-112.2808,34.5827],[-112.2907,34.586],[-112.2985,34.5845],[-112.2964,34.579],[-112.2738,34.5707],[-112.2682,34.5674],[-112.2739,34.5691],[-112.274,34.5657],[-112.2668,34.5644],[-112.325,34.5698],[-112.3268,34.5435]]]},"properties":{"ZCTA5":"86327","CENTLAT":"+34.5567922","CENTLON":"-112.1109076"}},{"type":"Feature","geometry":{"type":"Polygon","coordinates":[[[-111.0897,32.3589],[-111.0542,32.3268],[-111.046,32.3153],[-111.012,32.3029],[-111.013,32.3353],[-111.0104,32.3451],[-111.0128,32.3452],[-111.0127,32.3522],[-111.017,32.3522],[-111.015,32.3471],[-111.022,32.3472],[-111.0395,32.3588],[-111.0897,32.3589]]]},"properties":{"ZCTA5":"85741","CENTLAT":"+32.3363892","CENTLON":"-111.0407742"}},{"type":"Feature","geometry":{"type":"Polygon","coordinates":[[[-110.0827,33.2771],[-110.0786,33.2677],[-110.0746,33.2674],[-110.0568,33.2444],[-110.0563,32.9709],[-110.0248,32.9753],[-109.9869,33.0046],[-109.9666,33.0021],[-109.9563,33.0061],[-109.9468,33.0055],[-109.9408,32.9965],[-109.9277,32.9973],[-109.9255,33.0007],[-109.9311,33.0102],[-109.9245,33.0172],[-109.9372,33.0276],[-109.94,33.2534],[-109.9702,33.2666],[-109.9865,33.2632],[-109.9919,33.2647],[-110.001,33.2727],[-110.006,33.2825],[-110.0324,33.2995],[-110.0293,33.3072],[-110.0404,33.3229],[-110.0632,33.3218],[-110.0743,33.3066],[-110.0698,33.3051],[-110.0695,33.2989],[-110.0801,33.2941],[-110.0794,33.2848],[-110.0827,33.2771]]]},"properties":{"ZCTA5":"85536","CENTLAT":"+33.1405617","CENTLON":"-110.0032978"}},{"type":"Feature","geometry":{"type":"Polygon","coordinates":[[[-111.338,32.5915],[-111.3022,32.5483],[-111.2608,32.5536],[-111.2609,32.5255],[-111.2728,32.5204],[-111.2609,32.5068],[-111.2609,32.5001],[-111.2472,32.4854],[-111.1829,32.4393],[-111.1829,32.451],[-111.1903,32.4533],[-111.1762,32.4535],[-111.1615,32.433],[-111.1635,32.4245],[-111.1255,32.3971],[-111.1094,32.3791],[-111.0954,32.3882],[-111.0973,32.3957],[-111.0889,32.3955],[-111.0889,32.4028],[-111.0974,32.4028],[-111.0974,32.4064],[-111.0931,32.4064],[-111.0931,32.41],[-111.0804,32.41],[-111.0804,32.421],[-111.0719,32.421],[-111.0718,32.4246],[-111.0676,32.4246],[-111.0676,32.4162],[-111.0633,32.4193],[-111.0632,32.4098],[-111.0469,32.4098],[-111.0468,32.4237],[-111.0352,32.4238],[-111.0352,32.4347],[-111.0464,32.4347],[-111.0464,32.4419],[-111.0381,32.4455],[-111.0381,32.4492],[-111.0338,32.4492],[-111.0342,32.4601],[-111.0295,32.4612],[-111.0297,32.5113],[-110.965,32.5113],[-110.9757,32.5958],[-110.9823,32.6012],[-111.0511,32.5977],[-111.0729,32.6012],[-111.0797,32.5984],[-111.209,32.5988],[-111.2091,32.6234],[-111.2368,32.6128],[-111.2607,32.6165],[-111.2866,32.611],[-111.316,32.611],[-111.338,32.5915]]]},"properties":{"ZCTA5":"85658","CENTLAT":"+32.5245886","CENTLON":"-111.1360137"}},{"type":"Feature","geometry":{"type":"Polygon","coordinates":[[[-111.7868,33.8169],[-111.7828,33.8139],[-111.6831,33.8139],[-111.6833,33.8027],[-111.6704,33.7998],[-111.716,33.7852],[-111.7009,33.7777],[-111.7175,33.7777],[-111.7175,33.7507],[-111.7262,33.7487],[-111.7174,33.7491],[-111.7175,33.7273],[-111.6835,33.7269],[-111.6835,33.7098],[-111.6546,33.7134],[-111.6531,33.7355],[-111.6579,33.7388],[-111.6625,33.7488],[-111.6742,33.7561],[-111.6631,33.7755],[-111.6518,33.7818],[-111.6575,33.7872],[-111.6631,33.786],[-111.6604,33.7942],[-111.6677,33.8055],[-111.6627,33.8079],[-111.656,33.8045],[-111.6489,33.8066],[-111.633,33.8182],[-111.631,33.8126],[-111.6262,33.8162],[-111.6212,33.8136],[-111.614,33.8172],[-111.575,33.85],[-111.5658,33.8532],[-111.5641,33.8581],[-111.5664,33.861],[-111.5512,33.8643],[-111.5488,33.871],[-111.5458,33.8706],[-111.5385,33.8803],[-111.5306,33.8833],[-111.521,33.8929],[-111.5045,33.8983],[-111.4509,33.9315],[-111.452,33.9338],[-111.4471,33.9349],[-111.4473,33.9415],[-111.4523,33.9488],[-111.448,33.9575],[-111.4524,33.961],[-111.4526,33.9659],[-111.4481,33.9733],[-111.4347,33.9809],[-111.4335,33.9855],[-111.4428,33.9913],[-111.4404,33.9964],[-111.4451,34.0012],[-111.4665,34.0059],[-111.4707,34.0028],[-111.4724,34.0047],[-111.4917,33.9998],[-111.7365,34.0012],[-111.7336,33.9952],[-111.7273,33.9929],[-111.7377,33.9892],[-111.7359,33.9878],[-111.7263,33.9905],[-111.7069,33.9836],[-111.7137,33.9825],[-111.7141,33.9802],[-111.711,33.9822],[-111.7238,33.9733],[-111.7187,33.9629],[-111.7008,33.9601],[-111.6946,33.9536],[-111.7169,33.9307],[-111.7162,33.9235],[-111.7308,33.9178],[-111.7504,33.9019],[-111.749,33.8848],[-111.742,33.8736],[-111.7583,33.8695],[-111.7624,33.8613],[-111.7725,33.8591],[-111.7864,33.8488],[-111.7868,33.8169]]]},"properties":{"ZCTA5":"85263","CENTLAT":"+33.9002444","CENTLON":"-111.6241859"}},{"type":"Feature","geometry":{"type":"Polygon","coordinates":[[[-111.9635,33.7994],[-111.9281,33.7993],[-111.9271,33.8066],[-111.9187,33.807],[-111.9108,33.8066],[-111.9158,33.8056],[-111.9114,33.8044],[-111.9129,33.8014],[-111.9087,33.8072],[-111.9086,33.8138],[-111.8738,33.8139],[-111.8739,33.825],[-111.8912,33.821],[-111.8912,33.8573],[-111.9083,33.8572],[-111.9086,33.8428],[-111.926,33.8429],[-111.9261,33.8283],[-111.9391,33.8241],[-111.9391,33.8202],[-111.9437,33.8199],[-111.9438,33.8139],[-111.952,33.8137],[-111.9496,33.8074],[-111.9572,33.8096],[-111.9635,33.7994]]]},"properties":{"ZCTA5":"85377","CENTLAT":"+33.8237654","CENTLON":"-111.9151422"}},{"type":"Feature","geometry":{"type":"Polygon","coordinates":[[[-111.6175,34.4033],[-111.6082,34.3915],[-111.5579,34.3945],[-111.541,34.3659],[-111.4159,34.3131],[-111.4149,34.3183],[-111.409,34.3193],[-111.4002,34.3162],[-111.3767,34.3185],[-111.362,34.3088],[-111.3556,34.2965],[-111.3507,34.2943],[-111.3543,34.297],[-111.3518,34.3028],[-111.344,34.3036],[-111.3461,34.3168],[-111.3505,34.3186],[-111.3492,34.3224],[-111.3543,34.3303],[-111.3639,34.3355],[-111.3646,34.3459],[-111.3719,34.352],[-111.3721,34.3636],[-111.3785,34.3681],[-111.379,34.3764],[-111.3876,34.3875],[-111.3966,34.3854],[-111.4003,34.3789],[-111.4071,34.3769],[-111.4118,34.3823],[-111.4173,34.3806],[-111.4185,34.377],[-111.4192,34.3881],[-111.4232,34.3906],[-111.4216,34.3936],[-111.4281,34.3868],[-111.4293,34.3908],[-111.4247,34.3946],[-111.4221,34.406],[-111.4285,34.4135],[-111.4242,34.4142],[-111.4276,34.4203],[-111.4213,34.4322],[-111.4254,34.4357],[-111.4219,34.4372],[-111.4177,34.4327],[-111.4113,34.4335],[-111.407,34.4274],[-111.4041,34.4308],[-111.4073,34.438],[-111.3985,34.4402],[-111.3982,34.4438],[-111.4076,34.4464],[-111.4114,34.4426],[-111.4192,34.4434],[-111.4264,34.4483],[-111.4311,34.4448],[-111.4356,34.4465],[-111.4335,34.44],[-111.4368,34.4383],[-111.4441,34.4414],[-111.4427,34.434],[-111.4513,34.4349],[-111.4504,34.4313],[-111.4551,34.4306],[-111.4538,34.4271],[-111.4622,34.4225],[-111.4645,34.4151],[-111.4619,34.4112],[-111.4643,34.4092],[-111.4671,34.4095],[-111.4668,34.4141],[-111.4784,34.4135],[-111.48,34.4159],[-111.4755,34.4166],[-111.4806,34.4195],[-111.4745,34.4222],[-111.4816,34.4231],[-111.4797,34.4274],[-111.4695,34.4266],[-111.4673,34.4293],[-111.4773,34.4295],[-111.4672,34.4377],[-111.4774,34.4318],[-111.475,34.4361],[-111.4844,34.4351],[-111.4838,34.4314],[-111.487,34.4298],[-111.4949,34.434],[-111.4919,34.4227],[-111.4939,34.4184],[-111.5004,34.4276],[-111.5124,34.4157],[-111.5239,34.4116],[-111.536,34.4119],[-111.5375,34.4152],[-111.5452,34.4153],[-111.5502,34.4188],[-111.5417,34.424],[-111.54,34.4286],[-111.535,34.4235],[-111.5285,34.423],[-111.5297,34.4356],[-111.5209,34.4273],[-111.5176,34.4307],[-111.5197,34.4373],[-111.5158,34.4401],[-111.519,34.442],[-111.5175,34.445],[-111.5219,34.4454],[-111.5136,34.4444],[-111.5066,34.4382],[-111.5018,34.4422],[-111.5038,34.4442],[-111.496,34.4467],[-111.4934,34.4519],[-111.4894,34.4504],[-111.4891,34.4545],[-111.477,34.4505],[-111.4803,34.4558],[-111.4748,34.4591],[-111.4712,34.457],[-111.472,34.4623],[-111.4797,34.4608],[-111.4859,34.4638],[-111.509,34.4547],[-111.5193,34.4583],[-111.5248,34.4546],[-111.5404,34.4549],[-111.5378,34.4593],[-111.5217,34.4626],[-111.5201,34.4669],[-111.5124,34.4678],[-111.512,34.4804],[-111.5088,34.4793],[-111.5133,34.4844],[-111.5103,34.4891],[-111.5137,34.4919],[-111.502,34.4982],[-111.5171,34.4941],[-111.5212,34.499],[-111.5246,34.495],[-111.5202,34.4814],[-111.528,34.4706],[-111.5369,34.4677],[-111.5359,34.4719],[-111.5391,34.4755],[-111.5427,34.4712],[-111.5419,34.4652],[-111.5464,34.4654],[-111.5488,34.4609],[-111.5547,34.4717],[-111.5555,34.4376],[-111.5718,34.4298],[-111.5729,34.4233],[-111.5767,34.4206],[-111.5913,34.4221],[-111.5929,34.4191],[-111.601,34.4193],[-111.6051,34.4155],[-111.6047,34.4117],[-111.6175,34.4033]]]},"properties":{"ZCTA5":"85544","CENTLAT":"+34.3860846","CENTLON":"-111.4731415"}},{"type":"Feature","geometry":{"type":"MultiPolygon","coordinates":[[[[-112.0509,34.8442],[-112.0442,34.8392],[-112.0349,34.8398],[-112.0379,34.8227],[-112.0414,34.8179],[-112.0416,34.8067],[-112.0272,34.8044],[-112.0079,34.8156],[-111.964,34.826],[-111.9579,34.8009],[-111.9587,34.7815],[-111.9703,34.7535],[-111.9693,34.7432],[-111.9297,34.7759],[-111.8859,34.8381],[-111.8804,34.8389],[-111.8814,34.8348],[-111.8741,34.8386],[-111.8714,34.835],[-111.8727,34.8323],[-111.8755,34.8341],[-111.8741,34.8244],[-111.8783,34.8228],[-111.8733,34.8213],[-111.8714,34.8131],[-111.8808,34.8084],[-111.8776,34.8056],[-111.8798,34.8036],[-111.8751,34.803],[-111.8749,34.7986],[-111.8664,34.8038],[-111.8619,34.8127],[-111.8597,34.8108],[-111.8625,34.8075],[-111.8568,34.809],[-111.8521,34.8053],[-111.8432,34.8076],[-111.8468,34.8131],[-111.8347,34.8181],[-111.8312,34.8111],[-111.826,34.8096],[-111.8253,34.8192],[-111.8175,34.8146],[-111.817,34.8222],[-111.8086,34.8253],[-111.7985,34.8233],[-111.788,34.8254],[-111.7882,34.8181],[-111.78,34.8181],[-111.7783,34.8033],[-111.726,34.8041],[-111.7194,34.8147],[-111.7231,34.8285],[-111.7154,34.8388],[-111.7127,34.8582],[-111.702,34.8645],[-111.6902,34.8622],[-111.6889,34.8655],[-111.6972,34.8726],[-111.695,34.8787],[-111.6808,34.8875],[-111.6733,34.8949],[-111.6739,34.8988],[-111.664,34.8995],[-111.6603,34.8969],[-111.6498,34.9006],[-111.6441,34.9078],[-111.6464,34.9144],[-111.643,34.912],[-111.6415,34.9146],[-111.6498,34.9327],[-111.6502,34.9294],[-111.6555,34.9313],[-111.6741,34.9224],[-111.6726,34.9255],[-111.675,34.9238],[-111.679,34.9312],[-111.6872,34.9281],[-111.694,34.9297],[-111.718,34.9189],[-111.7191,34.9232],[-111.7232,34.9217],[-111.7276,34.9255],[-111.7372,34.9417],[-111.7409,34.9412],[-111.7474,34.9487],[-111.7486,34.9625],[-111.7418,34.9702],[-111.7397,34.978],[-111.7337,34.9777],[-111.7395,34.9855],[-111.7315,34.9879],[-111.7305,34.9937],[-111.7267,34.9952],[-111.7307,35.0017],[-111.7277,35.0044],[-111.7286,35.0083],[-111.7342,35.011],[-111.7295,35.0149],[-111.7335,35.0158],[-111.7321,35.0224],[-111.7168,35.033],[-111.7122,35.0338],[-111.7095,35.0307],[-111.7176,35.0418],[-111.7242,35.0445],[-111.7169,35.035],[-111.734,35.0279],[-111.7432,35.0314],[-111.7474,35.0271],[-111.7568,35.0281],[-111.7554,35.0234],[-111.7459,35.0213],[-111.7479,35.0169],[-111.7449,35.0145],[-111.7469,35.0137],[-111.745,35.0052],[-111.753,35.0052],[-111.7576,35.0085],[-111.7631,35.0068],[-111.7668,35.0112],[-111.7674,35.0073],[-111.7695,35.0121],[-111.7721,35.0064],[-111.7713,34.993],[-111.7787,34.981],[-111.8091,34.9811],[-111.809,34.9763],[-111.9613,34.9764],[-111.9843,34.96],[-111.987,34.94],[-111.9822,34.9315],[-111.9824,34.9028],[-111.9856,34.8939],[-111.9976,34.8843],[-112.0145,34.8605],[-112.0509,34.8442]]],[[[-111.8441,34.8115],[-111.8402,34.8092],[-111.8355,34.8139],[-111.8441,34.8115]]]]},"properties":{"ZCTA5":"86336","CENTLAT":"+34.8901836","CENTLON":"-111.8516162"}},{"type":"Feature","geometry":{"type":"Polygon","coordinates":[[[-110.877,32.3218],[-110.8751,32.2735],[-110.8697,32.2738],[-110.8634,32.2669],[-110.8237,32.2602],[-110.8126,32.2628],[-110.8063,32.2804],[-110.8058,32.2924],[-110.8115,32.3022],[-110.811,32.3089],[-110.8223,32.3089],[-110.8096,32.3233],[-110.824,32.3232],[-110.8241,32.3378],[-110.8751,32.3374],[-110.877,32.3218]]]},"properties":{"ZCTA5":"85750","CENTLAT":"+32.2995266","CENTLON":"-110.8428803"}},{"type":"Feature","geometry":{"type":"Polygon","coordinates":[[[-112.359,33.5802],[-112.3589,33.5578],[-112.3501,33.5522],[-112.3091,33.5508],[-112.3115,33.5866],[-112.3031,33.6107],[-112.3032,33.6234],[-112.3075,33.6235],[-112.3092,33.6304],[-112.3248,33.6308],[-112.3248,33.6235],[-112.3422,33.6236],[-112.3418,33.5801],[-112.359,33.5802]]]},"properties":{"ZCTA5":"85335","CENTLAT":"+33.5872135","CENTLON":"-112.3283547"}},{"type":"Feature","geometry":{"type":"Polygon","coordinates":[[[-111.406,33.8806],[-111.396,33.8769],[-111.3963,33.8686],[-111.387,33.8616],[-111.3923,33.8548],[-111.3955,33.8409],[-111.3901,33.8377],[-111.3925,33.8359],[-111.3813,33.8321],[-111.3718,33.8219],[-111.3726,33.8179],[-111.3842,33.8165],[-111.3883,33.8054],[-111.3785,33.7937],[-111.3828,33.7881],[-111.3812,33.7852],[-111.3894,33.7767],[-111.3866,33.7732],[-111.3894,33.7708],[-111.3871,33.7632],[-111.3822,33.761],[-111.3868,33.75],[-111.3811,33.7477],[-111.373,33.7493],[-111.3721,33.7452],[-111.3563,33.7388],[-111.3548,33.7332],[-111.3364,33.7204],[-111.3383,33.7027],[-111.3314,33.6883],[-111.3149,33.6814],[-111.2995,33.6638],[-111.2872,33.6586],[-111.2872,33.652],[-111.2628,33.6232],[-111.2557,33.6211],[-111.2495,33.6243],[-111.2315,33.6132],[-111.2319,33.6095],[-111.2237,33.6029],[-111.2075,33.6206],[-111.2094,33.6335],[-111.207,33.6369],[-111.1806,33.6598],[-111.1735,33.6601],[-111.1695,33.6675],[-111.1534,33.6776],[-111.1307,33.677],[-111.0743,33.6825],[-111.0764,33.6849],[-111.0729,33.6855],[-111.0823,33.6856],[-111.0824,33.6994],[-111.0866,33.6993],[-111.0866,33.7069],[-111.0974,33.7069],[-111.1043,33.7198],[-111.1103,33.7243],[-111.1134,33.7348],[-111.0865,33.7297],[-111.0748,33.736],[-111.0631,33.7219],[-111.048,33.7191],[-111.0433,33.7233],[-111.0397,33.7171],[-111.0386,33.7366],[-111.0319,33.7421],[-111.0324,33.7487],[-111.0341,33.7522],[-111.0387,33.7488],[-111.0412,33.7585],[-111.0461,33.7606],[-111.0545,33.7758],[-111.0546,33.7874],[-111.0584,33.7922],[-111.0556,33.7997],[-111.0656,33.8046],[-111.0569,33.8133],[-111.0582,33.8185],[-111.0681,33.8234],[-111.0746,33.8212],[-111.0915,33.8021],[-111.0968,33.809],[-111.0976,33.8164],[-111.0898,33.8232],[-111.0874,33.8317],[-111.0882,33.838],[-111.0955,33.8465],[-111.0919,33.8601],[-111.096,33.8701],[-111.0872,33.8795],[-111.085,33.8871],[-111.0965,33.897],[-111.1017,33.8953],[-111.1006,33.8929],[-111.1068,33.8923],[-111.1164,33.8953],[-111.1169,33.899],[-111.1294,33.8955],[-111.1354,33.8868],[-111.146,33.8816],[-111.1503,33.8874],[-111.1753,33.8835],[-111.1866,33.8887],[-111.184,33.8916],[-111.1939,33.9156],[-111.1911,33.9206],[-111.1705,33.934],[-111.1671,33.9384],[-111.1679,33.9441],[-111.1609,33.9452],[-111.1718,33.9776],[-111.1693,33.9819],[-111.1731,33.9864],[-111.1716,33.993],[-111.1801,33.9902],[-111.182,33.982],[-111.1899,33.9788],[-111.2095,33.9967],[-111.2233,33.9974],[-111.2359,33.9906],[-111.2493,33.9959],[-111.2522,34.0018],[-111.2668,34.0059],[-111.2743,33.9937],[-111.2829,33.9909],[-111.2835,33.9811],[-111.2968,33.9749],[-111.3058,33.9789],[-111.3133,33.9718],[-111.3093,33.9596],[-111.2953,33.9573],[-111.283,33.9513],[-111.2845,33.9474],[-111.277,33.934],[-111.2636,33.9238],[-111.2667,33.906],[-111.2735,33.8993],[-111.2833,33.8963],[-111.2874,33.9014],[-111.3047,33.9002],[-111.3099,33.8952],[-111.3157,33.8767],[-111.3403,33.8859],[-111.3488,33.8827],[-111.389,33.8851],[-111.406,33.8806]]]},"properties":{"ZCTA5":"85553","CENTLAT":"+33.7992615","CENTLON":"-111.2243409"}},{"type":"Feature","geometry":{"type":"MultiPolygon","coordinates":[[[[-112.4269,33.5517],[-112.4268,33.5082],[-112.3794,33.5082],[-112.3795,33.4989],[-112.3753,33.499],[-112.3753,33.4934],[-112.3625,33.4934],[-112.3626,33.4858],[-112.3409,33.4847],[-112.3409,33.4933],[-112.328,33.4933],[-112.3281,33.504],[-112.3239,33.5039],[-112.3238,33.4968],[-112.3196,33.4967],[-112.3196,33.4934],[-112.3127,33.4933],[-112.3066,33.5075],[-112.3068,33.5216],[-112.324,33.522],[-112.3239,33.5293],[-112.3754,33.5299],[-112.3754,33.5264],[-112.3667,33.5263],[-112.3667,33.5226],[-112.3719,33.5226],[-112.3717,33.5192],[-112.3753,33.5191],[-112.3754,33.5227],[-112.3893,33.5227],[-112.3925,33.5191],[-112.4038,33.5191],[-112.4011,33.5263],[-112.3841,33.5397],[-112.3846,33.5515],[-112.4269,33.5517]]],[[[-112.5599,33.5517],[-112.5477,33.535],[-112.5203,33.5223],[-112.4964,33.5217],[-112.4965,33.4942],[-112.4788,33.4937],[-112.4788,33.4792],[-112.4702,33.4774],[-112.4702,33.4647],[-112.4615,33.4647],[-112.4615,33.4792],[-112.4441,33.4791],[-112.4442,33.4937],[-112.4615,33.4937],[-112.4615,33.5036],[-112.4614,33.5082],[-112.4442,33.5082],[-112.4442,33.5227],[-112.4613,33.5226],[-112.4613,33.5176],[-112.4613,33.5372],[-112.4698,33.5371],[-112.4701,33.5516],[-112.5135,33.5515],[-112.5136,33.537],[-112.5483,33.5372],[-112.5483,33.5516],[-112.5599,33.5517]]]]},"properties":{"ZCTA5":"85340","CENTLAT":"+33.5179147","CENTLON":"-112.4236182"}},{"type":"Feature","geometry":{"type":"Polygon","coordinates":[[[-112.079,33.4838],[-112.0651,33.478],[-112.0673,33.4829],[-112.0651,33.4847],[-112.0694,33.4857],[-112.0651,33.4865],[-112.065,33.5025],[-112.0673,33.5032],[-112.065,33.5038],[-112.065,33.5237],[-112.0677,33.5256],[-112.065,33.5274],[-112.0651,33.5383],[-112.0751,33.5383],[-112.0737,33.5129],[-112.0781,33.5118],[-112.0737,33.5117],[-112.0738,33.5047],[-112.0781,33.5039],[-112.0738,33.5038],[-112.0765,33.4984],[-112.0738,33.4966],[-112.0782,33.4967],[-112.0749,33.4932],[-112.079,33.4838]]]},"properties":{"ZCTA5":"85012","CENTLAT":"+33.5072203","CENTLON":"-112.0702480"}},{"type":"Feature","geometry":{"type":"Polygon","coordinates":[[[-111.1849,33.0843],[-111.183,33.0757],[-111.156,33.0514],[-111.1533,33.0443],[-111.1584,33.0334],[-111.1057,33.0435],[-111.0969,33.0381],[-111.0955,33.0338],[-111.0833,33.0278],[-111.0249,33.0203],[-111.0119,33.0038],[-111.0135,32.9904],[-111.0072,32.9901],[-110.9868,32.9747],[-110.9818,32.9623],[-110.9727,32.9546],[-110.9688,32.9349],[-110.9591,32.9309],[-110.959,32.9252],[-110.9449,32.9175],[-110.9449,32.9452],[-110.9627,32.9452],[-110.9627,33.0169],[-110.9392,33.0123],[-110.8639,33.0187],[-110.8513,33.0103],[-110.835,33.0124],[-110.835,33.0073],[-110.8315,33.0101],[-110.8271,33.0088],[-110.8283,33.0058],[-110.8113,32.9931],[-110.7912,32.9845],[-110.7832,32.9848],[-110.9467,33.2501],[-110.9555,33.2791],[-110.9642,33.2787],[-110.9641,33.2928],[-111.0504,33.2924],[-111.0504,33.2503],[-111.042,33.2502],[-111.0439,33.2423],[-111.0331,33.2278],[-111.033,33.2066],[-111.0595,33.2068],[-111.0624,33.2129],[-111.0623,33.2059],[-111.0669,33.2059],[-111.067,33.1151],[-111.0764,33.1187],[-111.0868,33.1136],[-111.1005,33.1121],[-111.1012,33.1087],[-111.1114,33.1073],[-111.1162,33.1033],[-111.1349,33.1039],[-111.1391,33.1108],[-111.149,33.1118],[-111.1591,33.1086],[-111.1597,33.0984],[-111.1669,33.0942],[-111.1822,33.0969],[-111.1816,33.0871],[-111.1849,33.0843]]]},"properties":{"ZCTA5":"85137","CENTLAT":"+33.1126490","CENTLON":"-110.9835246"}},{"type":"Feature","geometry":{"type":"Polygon","coordinates":[[[-111.1573,32.4159],[-111.1573,32.4136],[-111.1498,32.4136],[-111.1545,32.4173],[-111.1573,32.4159]]]},"properties":{"ZCTA5":"85654","CENTLAT":"+32.4151389","CENTLON":"-111.1545727"}},{"type":"Feature","geometry":{"type":"Polygon","coordinates":[[[-111.9481,33.2556],[-111.92,33.2193],[-111.8931,33.2192],[-111.8931,33.2047],[-111.9091,33.2047],[-111.8946,33.1858],[-111.8928,33.1903],[-111.8409,33.1904],[-111.8409,33.1535],[-111.8293,33.1467],[-111.8274,33.1414],[-111.815,33.1394],[-111.815,33.1466],[-111.7892,33.1466],[-111.7892,33.1527],[-111.8131,33.1687],[-111.7917,33.169],[-111.8228,33.1953],[-111.8409,33.204],[-111.8399,33.2102],[-111.8327,33.217],[-111.8365,33.2119],[-111.8394,33.2292],[-111.8368,33.2305],[-111.8414,33.2331],[-111.8414,33.2621],[-111.8529,33.2621],[-111.853,33.2645],[-111.8584,33.2618],[-111.8933,33.2614],[-111.8932,33.2483],[-111.8934,33.2614],[-111.9342,33.2608],[-111.9481,33.2556]]]},"properties":{"ZCTA5":"85248","CENTLAT":"+33.2145252","CENTLON":"-111.8666754"}},{"type":"Feature","geometry":{"type":"Polygon","coordinates":[[[-112.2106,33.5599],[-112.2029,33.5528],[-112.1732,33.5531],[-112.1672,33.5562],[-112.1635,33.5531],[-112.1543,33.5531],[-112.1517,33.555],[-112.1517,33.5819],[-112.1662,33.5819],[-112.1688,33.5848],[-112.1731,33.5819],[-112.2005,33.5817],[-112.2028,33.5839],[-112.203,33.5712],[-112.2073,33.5699],[-112.203,33.57],[-112.2029,33.5609],[-112.2106,33.5599]]]},"properties":{"ZCTA5":"85302","CENTLAT":"+33.5677780","CENTLON":"-112.1781910"}},{"type":"Feature","geometry":{"type":"MultiPolygon","coordinates":[[[[-112.2811,33.5299],[-112.2796,33.5263],[-112.2724,33.5265],[-112.2725,33.5083],[-112.2377,33.5088],[-112.2378,33.552],[-112.2725,33.5514],[-112.2724,33.53],[-112.2811,33.5299]]],[[[-112.2769,33.5105],[-112.2727,33.5105],[-112.2727,33.5155],[-112.2764,33.5155],[-112.2769,33.5105]]]]},"properties":{"ZCTA5":"85305","CENTLAT":"+33.5299637","CENTLON":"-112.2556593"}},{"type":"Feature","geometry":{"type":"Polygon","coordinates":[[[-110.3256,34.1989],[-110.3247,34.19],[-110.3204,34.188],[-110.3223,34.186],[-110.3161,34.1789],[-110.3038,34.1743],[-110.2928,34.1627],[-110.2783,34.1294],[-110.2791,34.1051],[-110.2752,34.0818],[-110.2802,34.0717],[-110.2807,34.0575],[-110.2921,34.0306],[-110.299,34.0213],[-110.2873,34.0],[-110.071,34.0],[-110.0682,34.007],[-110.0708,34.0236],[-110.0687,34.0295],[-110.0513,34.0447],[-110.0248,34.0555],[-110.0206,34.0608],[-110.021,34.0748],[-110.0101,34.0843],[-110.0079,34.0824],[-110.0057,34.0848],[-110.0044,34.0907],[-110.0115,34.091],[-110.0173,34.1013],[-110.0172,34.1063],[-110.0114,34.1133],[-110.0123,34.1188],[-110.0012,34.1303],[-109.9823,34.1387],[-109.994,34.1433],[-110.002,34.142],[-110.0115,34.1467],[-110.0107,34.1516],[-110.0145,34.1559],[-110.0108,34.165],[-110.0182,34.1677],[-110.0159,34.1746],[-110.0314,34.1874],[-110.0367,34.1969],[-110.0409,34.198],[-110.0418,34.2042],[-110.075,34.1912],[-110.0767,34.1986],[-110.087,34.2124],[-110.1083,34.2019],[-110.1168,34.2132],[-110.1361,34.2136],[-110.1499,34.2215],[-110.1583,34.222],[-110.1641,34.2286],[-110.1638,34.2352],[-110.1708,34.2391],[-110.1878,34.2385],[-110.1927,34.2471],[-110.2013,34.2509],[-110.2061,34.245],[-110.2222,34.2404],[-110.2307,34.2307],[-110.2317,34.2247],[-110.2392,34.2197],[-110.2778,34.2172],[-110.2926,34.2205],[-110.2991,34.226],[-110.3038,34.2234],[-110.3115,34.21],[-110.3256,34.1989]]]},"properties":{"ZCTA5":"85902","CENTLAT":"+34.1150759","CENTLON":"-110.1623237"}},{"type":"Feature","geometry":{"type":"Polygon","coordinates":[[[-111.7537,33.4155],[-111.7277,33.4155],[-111.7277,33.4083],[-111.7192,33.4084],[-111.72,33.4156],[-111.7052,33.4156],[-111.7039,33.4118],[-111.7028,33.4156],[-111.6954,33.4156],[-111.694,33.4113],[-111.6932,33.415],[-111.686,33.4145],[-111.6845,33.4171],[-111.6761,33.4153],[-111.6766,33.4222],[-111.6845,33.4189],[-111.6841,33.4517],[-111.7016,33.4482],[-111.7015,33.4519],[-111.7096,33.4496],[-111.712,33.4519],[-111.7165,33.4488],[-111.7163,33.4519],[-111.7317,33.4518],[-111.7362,33.4425],[-111.7398,33.4518],[-111.7534,33.4519],[-111.7536,33.4251],[-111.7504,33.4245],[-111.7536,33.4228],[-111.7495,33.421],[-111.7505,33.4166],[-111.7537,33.4194],[-111.7537,33.4155]]]},"properties":{"ZCTA5":"85205","CENTLAT":"+33.4322678","CENTLON":"-111.7180631"}},{"type":"Feature","geometry":{"type":"Polygon","coordinates":[[[-111.9732,33.3491],[-111.9727,33.3271],[-111.9633,33.3271],[-111.9633,33.32],[-111.9558,33.3201],[-111.9533,33.3273],[-111.937,33.3237],[-111.937,33.3201],[-111.9282,33.3201],[-111.928,33.3237],[-111.9197,33.3237],[-111.9197,33.3274],[-111.8934,33.3276],[-111.8939,33.3494],[-111.9457,33.3492],[-111.9458,33.353],[-111.95,33.3548],[-111.9545,33.3531],[-111.9545,33.3492],[-111.9616,33.352],[-111.9631,33.3491],[-111.9732,33.3491]]]},"properties":{"ZCTA5":"85284","CENTLAT":"+33.3371951","CENTLON":"-111.9344220"}},{"type":"Feature","geometry":{"type":"Polygon","coordinates":[[[-112.0416,33.5712],[-112.0361,33.5636],[-112.023,33.5723],[-112.0203,33.5655],[-111.9957,33.5682],[-111.9844,33.5747],[-111.9811,33.5719],[-111.9867,33.5664],[-111.9864,33.5624],[-111.9778,33.5617],[-111.9778,33.5955],[-112.024,33.5968],[-112.024,33.5936],[-112.0272,33.5935],[-112.0272,33.5968],[-112.0343,33.5958],[-112.0327,33.5895],[-112.0392,33.5895],[-112.0396,33.5711],[-112.0416,33.5712]]]},"properties":{"ZCTA5":"85028","CENTLAT":"+33.5816058","CENTLON":"-112.0081356"}},{"type":"Feature","geometry":{"type":"Polygon","coordinates":[[[-112.0131,33.5233],[-112.0129,33.5185],[-111.9997,33.5135],[-111.9952,33.5136],[-111.995,33.5238],[-111.9885,33.5248],[-111.9694,33.522],[-111.9694,33.5161],[-111.9579,33.5128],[-111.9581,33.509],[-111.9261,33.5095],[-111.9256,33.5387],[-111.9164,33.5384],[-111.9261,33.5517],[-111.9239,33.582],[-111.9649,33.5827],[-111.9653,33.579],[-111.9686,33.5827],[-111.9778,33.5826],[-111.9776,33.5619],[-111.9864,33.5624],[-111.9864,33.5535],[-111.9953,33.5537],[-111.9977,33.5319],[-112.0129,33.532],[-112.0131,33.5233]]]},"properties":{"ZCTA5":"85253","CENTLAT":"+33.5447704","CENTLON":"-111.9587430"}},{"type":"Feature","geometry":{"type":"Polygon","coordinates":[[[-112.1518,33.6393],[-112.1512,33.6107],[-112.133,33.6108],[-112.1295,33.6073],[-112.1295,33.6108],[-112.1226,33.6108],[-112.1209,33.6074],[-112.1165,33.6108],[-112.1149,33.6472],[-112.1171,33.6474],[-112.1171,33.6547],[-112.1345,33.6546],[-112.1344,33.6396],[-112.1518,33.6393]]]},"properties":{"ZCTA5":"85053","CENTLAT":"+33.6295949","CENTLON":"-112.1318461"}},{"type":"Feature","geometry":{"type":"Polygon","coordinates":[[[-112.0693,33.4278],[-112.0651,33.425],[-112.0649,33.4207],[-112.0323,33.4163],[-112.0184,33.4191],[-112.0105,33.4122],[-111.9998,33.4182],[-111.9998,33.422],[-111.9784,33.4219],[-111.9785,33.4365],[-111.9613,33.4362],[-111.9612,33.4453],[-111.9784,33.4474],[-111.9784,33.4511],[-111.9904,33.4483],[-111.9953,33.4513],[-111.9954,33.4482],[-111.9992,33.4482],[-112.0111,33.4482],[-112.0111,33.4513],[-112.0129,33.4482],[-112.0172,33.4483],[-112.0172,33.4513],[-112.0217,33.4493],[-112.0302,33.4514],[-112.0302,33.4483],[-112.0346,33.4483],[-112.0346,33.4514],[-112.0651,33.4514],[-112.0652,33.4285],[-112.0693,33.4278]]]},"properties":{"ZCTA5":"85034","CENTLAT":"+33.4346503","CENTLON":"-112.0199144"}},{"type":"Feature","geometry":{"type":"Polygon","coordinates":[[[-110.5447,33.2945],[-110.54,33.2903],[-110.5403,33.2832],[-110.5302,33.2841],[-110.5285,33.2809],[-110.5248,33.2815],[-110.5208,33.274],[-110.5028,33.2676],[-110.493,33.2712],[-110.5299,33.1882],[-110.5297,33.1736],[-110.5264,33.177],[-110.5163,33.1757],[-110.5047,33.1862],[-110.4651,33.1825],[-110.4621,33.1849],[-110.4642,33.1924],[-110.4539,33.198],[-110.4464,33.1898],[-110.4369,33.1877],[-110.4206,33.1936],[-110.4196,33.1911],[-110.4086,33.192],[-110.4059,33.1975],[-110.4005,33.1984],[-110.4031,33.2015],[-110.3989,33.2204],[-110.3908,33.2248],[-110.3782,33.2167],[-110.3701,33.2189],[-110.3509,33.2131],[-110.3335,33.2143],[-110.3157,33.2041],[-110.3111,33.2065],[-110.3109,33.2115],[-110.3018,33.2117],[-110.2775,33.2024],[-110.2612,33.2109],[-110.2553,33.2108],[-110.2404,33.2062],[-110.2233,33.1897],[-110.2198,33.1917],[-110.2155,33.1889],[-110.1936,33.1949],[-110.1806,33.1927],[-110.1617,33.2277],[-110.1239,33.258],[-110.1062,33.2594],[-110.0985,33.2652],[-110.0895,33.2776],[-110.0872,33.2907],[-110.0842,33.2893],[-110.0792,33.2952],[-110.0695,33.2989],[-110.0698,33.3051],[-110.0743,33.3065],[-110.0706,33.31],[-110.0705,33.3203],[-110.075,33.3257],[-110.0697,33.3361],[-110.0771,33.3572],[-110.0911,33.3608],[-110.1019,33.3688],[-110.1113,33.3679],[-110.1321,33.374],[-110.1414,33.3716],[-110.1577,33.3777],[-110.1667,33.3749],[-110.1722,33.3768],[-110.1734,33.3737],[-110.1901,33.3818],[-110.222,33.3735],[-110.2399,33.3779],[-110.2568,33.3757],[-110.2614,33.3715],[-110.2725,33.3695],[-110.313,33.3745],[-110.3378,33.3679],[-110.3476,33.3726],[-110.3723,33.3702],[-110.3966,33.3632],[-110.4184,33.3629],[-110.4435,33.3676],[-110.4519,33.3624],[-110.4445,33.3524],[-110.4484,33.3416],[-110.4442,33.3264],[-110.4471,33.3229],[-110.4507,33.3237],[-110.4549,33.3142],[-110.4724,33.3185],[-110.4737,33.3152],[-110.4795,33.3164],[-110.495,33.3079],[-110.5208,33.3155],[-110.5447,33.2945]]]},"properties":{"ZCTA5":"85542","CENTLAT":"+33.2863740","CENTLON":"-110.3014688"}},{"type":"Feature","geometry":{"type":"Polygon","coordinates":[[[-112.2416,33.8052],[-112.2289,33.7983],[-112.206,33.7978],[-112.206,33.7807],[-112.1928,33.7811],[-112.167,33.7687],[-112.1291,33.7691],[-112.1352,33.7982],[-112.0998,33.7984],[-112.0915,33.8013],[-112.0838,33.799],[-112.0216,33.7991],[-112.0216,33.8136],[-112.0305,33.8137],[-112.0283,33.8227],[-112.0304,33.8293],[-112.0261,33.8391],[-112.0305,33.8371],[-112.0306,33.8717],[-112.1348,33.8712],[-112.1348,33.8784],[-112.1435,33.8784],[-112.1435,33.8817],[-112.147,33.8817],[-112.1471,33.878],[-112.1523,33.879],[-112.1522,33.8711],[-112.1653,33.8695],[-112.1718,33.8566],[-112.1901,33.8443],[-112.1958,33.8485],[-112.2082,33.8485],[-112.2156,33.8406],[-112.2313,33.8426],[-112.2416,33.8052]]]},"properties":{"ZCTA5":"85086","CENTLAT":"+33.8264089","CENTLON":"-112.1287896"}},{"type":"Feature","geometry":{"type":"Polygon","coordinates":[[[-112.0759,33.4676],[-112.0738,33.4657],[-112.0751,33.429],[-112.0733,33.4221],[-112.0649,33.421],[-112.0651,33.425],[-112.0693,33.4278],[-112.0652,33.4285],[-112.0651,33.478],[-112.075,33.4803],[-112.0759,33.4676]]]},"properties":{"ZCTA5":"85004","CENTLAT":"+33.4516094","CENTLON":"-112.0698796"}},{"type":"Feature","geometry":{"type":"Polygon","coordinates":[[[-112.0662,33.4576],[-112.0621,33.4498],[-112.0346,33.4514],[-112.0346,33.4483],[-112.0302,33.4483],[-112.0302,33.4773],[-112.0338,33.4803],[-112.0383,33.4803],[-112.039,33.4775],[-112.0651,33.4802],[-112.0662,33.4576]]]},"properties":{"ZCTA5":"85006","CENTLAT":"+33.4651114","CENTLON":"-112.0477784"}},{"type":"Feature","geometry":{"type":"MultiPolygon","coordinates":[[[[-112.2205,33.5669],[-112.2036,33.553],[-112.2031,33.5311],[-112.2075,33.5296],[-112.2031,33.5297],[-112.2052,33.5257],[-112.2031,33.5257],[-112.2052,33.5222],[-112.2032,33.5094],[-112.151,33.5094],[-112.1517,33.555],[-112.2029,33.5528],[-112.2111,33.5599],[-112.2073,33.56],[-112.2073,33.5635],[-112.2116,33.5634],[-112.2116,33.5671],[-112.2205,33.5669]]],[[[-112.2074,33.5368],[-112.2034,33.5349],[-112.2035,33.537],[-112.2074,33.5368]]]]},"properties":{"ZCTA5":"85301","CENTLAT":"+33.5322047","CENTLON":"-112.1781854"}},{"type":"Feature","geometry":{"type":"Polygon","coordinates":[[[-111.4558,32.9882],[-111.4557,32.9812],[-111.4385,32.9811],[-111.4384,32.989],[-111.4558,32.9882]]]},"properties":{"ZCTA5":"85191","CENTLAT":"+32.9849836","CENTLON":"-111.4469342"}},{"type":"Feature","geometry":{"type":"Polygon","coordinates":[[[-112.48,33.3539],[-112.4699,33.3556],[-112.4699,33.3485],[-112.4655,33.3485],[-112.4654,33.3446],[-112.4616,33.3444],[-112.4541,33.334],[-112.4482,33.3339],[-112.4481,33.3267],[-112.4525,33.3267],[-112.4525,33.3194],[-112.4699,33.3195],[-112.4698,33.3155],[-112.4452,33.2878],[-112.4439,33.2758],[-112.3839,33.276],[-112.3839,33.2902],[-112.3579,33.2902],[-112.3579,33.3628],[-112.3407,33.3627],[-112.3408,33.37],[-112.332,33.37],[-112.3319,33.3739],[-112.3227,33.3755],[-112.3572,33.3777],[-112.3572,33.386],[-112.3642,33.3882],[-112.3573,33.392],[-112.3579,33.4247],[-112.3499,33.4289],[-112.3579,33.4251],[-112.3583,33.4353],[-112.354,33.4353],[-112.3539,33.4426],[-112.3498,33.4426],[-112.3539,33.4498],[-112.3411,33.4499],[-112.341,33.4577],[-112.3809,33.4611],[-112.4615,33.4618],[-112.4611,33.3774],[-112.4583,33.3774],[-112.4583,33.3738],[-112.4615,33.3697],[-112.4699,33.3682],[-112.4743,33.3579],[-112.48,33.3539]]]},"properties":{"ZCTA5":"85338","CENTLAT":"+33.3725283","CENTLON":"-112.4082573"}},{"type":"Feature","geometry":{"type":"MultiPolygon","coordinates":[[[[-111.9261,33.5104],[-111.8918,33.5089],[-111.8918,33.5021],[-111.8876,33.502],[-111.8878,33.5094],[-111.874,33.5095],[-111.874,33.5168],[-111.8827,33.5167],[-111.8827,33.5279],[-111.8567,33.5212],[-111.8566,33.568],[-111.8604,33.5674],[-111.8691,33.5535],[-111.8791,33.5535],[-111.8816,33.5384],[-111.9256,33.5387],[-111.9261,33.5104]]],[[[-111.9107,33.5086],[-111.9098,33.5061],[-111.9098,33.5089],[-111.9107,33.5086]]]]},"properties":{"ZCTA5":"85250","CENTLAT":"+33.5298691","CENTLON":"-111.8899021"}},{"type":"Feature","geometry":{"type":"Polygon","coordinates":[[[-112.7745,33.278],[-112.7636,33.264],[-112.7682,33.251],[-112.7683,33.2176],[-112.756,33.2047],[-112.7263,33.1916],[-112.7092,33.1706],[-112.7012,33.1522],[-112.7019,33.1304],[-112.6964,33.1212],[-112.691,33.0916],[-112.6827,33.0772],[-112.6879,33.0573],[-112.6827,33.0522],[-112.682,33.0436],[-112.6656,33.0435],[-112.6658,33.0024],[-112.6775,32.9855],[-112.674,32.9855],[-112.6728,32.9709],[-112.6844,32.9565],[-112.683,32.9529],[-112.6141,32.9644],[-112.6139,33.0086],[-112.6043,33.0125],[-112.5716,33.0149],[-112.5598,33.0084],[-112.5435,33.0057],[-112.5253,33.0208],[-112.5104,33.0273],[-112.5113,33.1161],[-112.4315,33.1162],[-112.4204,33.1345],[-112.4011,33.1489],[-112.4011,33.1523],[-112.4115,33.1494],[-112.4125,33.1646],[-112.4267,33.1711],[-112.4266,33.1741],[-112.3924,33.1742],[-112.3924,33.1598],[-112.3579,33.1598],[-112.3579,33.167],[-112.3536,33.167],[-112.3493,33.1598],[-112.3408,33.1598],[-112.3407,33.1888],[-112.3795,33.1889],[-112.384,33.2045],[-112.3838,33.2179],[-112.3926,33.2179],[-112.3925,33.2324],[-112.4094,33.2324],[-112.4095,33.247],[-112.4262,33.2471],[-112.4258,33.2367],[-112.418,33.236],[-112.4179,33.2324],[-112.4352,33.2324],[-112.4354,33.247],[-112.4442,33.2468],[-112.4485,33.2513],[-112.4484,33.2542],[-112.4439,33.2542],[-112.4442,33.2856],[-112.4691,33.3137],[-112.4699,33.3195],[-112.4525,33.3194],[-112.4525,33.3267],[-112.4481,33.3267],[-112.4482,33.3339],[-112.4541,33.334],[-112.4616,33.3444],[-112.4654,33.3446],[-112.4655,33.3485],[-112.4699,33.3485],[-112.4699,33.3556],[-112.48,33.3539],[-112.4743,33.3579],[-112.4699,33.3682],[-112.4615,33.3697],[-112.4583,33.3738],[-112.4583,33.3774],[-112.4611,33.3774],[-112.4615,33.4618],[-112.4788,33.4623],[-112.4788,33.4647],[-112.5422,33.4645],[-112.5477,33.461],[-112.5477,33.4575],[-112.5566,33.4588],[-112.5565,33.4448],[-112.6177,33.4271],[-112.7606,33.4578],[-112.7554,33.4356],[-112.7511,33.4356],[-112.751,33.4139],[-112.7467,33.4139],[-112.7465,33.3776],[-112.727,33.3522],[-112.7215,33.3482],[-112.6941,33.3485],[-112.6918,33.3622],[-112.6861,33.3593],[-112.6771,33.3615],[-112.677,33.3484],[-112.6599,33.3483],[-112.6598,33.3342],[-112.6771,33.3339],[-112.6771,33.3208],[-112.7036,33.3178],[-112.7099,33.3116],[-112.7257,33.3074],[-112.738,33.3119],[-112.7568,33.3112],[-112.7701,33.2966],[-112.7653,33.2915],[-112.7745,33.278]]]},"properties":{"ZCTA5":"85326","CENTLAT":"+33.2371962","CENTLON":"-112.5853745"}},{"type":"Feature","geometry":{"type":"Polygon","coordinates":[[[-111.8913,33.8273],[-111.8912,33.821],[-111.8739,33.825],[-111.8738,33.8182],[-111.8738,33.8139],[-111.8912,33.8138],[-111.8906,33.7267],[-111.8162,33.7272],[-111.7875,33.7237],[-111.7872,33.7269],[-111.7133,33.7268],[-111.7175,33.7273],[-111.7174,33.7491],[-111.7262,33.7502],[-111.7175,33.7507],[-111.7175,33.7777],[-111.7009,33.7777],[-111.716,33.7852],[-111.6704,33.7998],[-111.6833,33.8027],[-111.6831,33.8139],[-111.7828,33.8139],[-111.7868,33.8158],[-111.7865,33.848],[-111.7762,33.8571],[-111.7624,33.8613],[-111.7583,33.8695],[-111.742,33.8736],[-111.749,33.8848],[-111.7504,33.9019],[-111.7308,33.9178],[-111.7162,33.9235],[-111.7169,33.9307],[-111.6953,33.9522],[-111.6981,33.959],[-111.717,33.9617],[-111.7233,33.9706],[-111.7236,33.9735],[-111.711,33.9822],[-111.7141,33.9802],[-111.7138,33.9824],[-111.7069,33.9836],[-111.7263,33.9905],[-111.7359,33.9878],[-111.7377,33.9892],[-111.7273,33.9929],[-111.7336,33.9952],[-111.7365,34.0012],[-111.8746,34.0165],[-111.8773,34.0119],[-111.8749,34.0094],[-111.88,34.009],[-111.882,34.0047],[-111.8747,34.0005],[-111.8701,33.9892],[-111.8737,33.9836],[-111.8624,33.9664],[-111.863,33.9624],[-111.8568,33.9636],[-111.8306,33.9548],[-111.8311,33.9496],[-111.8173,33.9331],[-111.8171,33.905],[-111.8263,33.9026],[-111.8182,33.8954],[-111.8213,33.8933],[-111.8148,33.8776],[-111.8212,33.8753],[-111.8337,33.8595],[-111.8391,33.8758],[-111.8391,33.9005],[-111.8912,33.9005],[-111.8913,33.8273]]]},"properties":{"ZCTA5":"85262","CENTLAT":"+33.8582414","CENTLON":"-111.8016976"}},{"type":"Feature","geometry":{"type":"Polygon","coordinates":[[[-113.0852,32.2004],[-113.083,31.9607],[-112.8175,31.88],[-112.8128,31.888],[-112.8105,31.9085],[-112.7987,31.938],[-112.8004,31.9604],[-112.8061,31.9736],[-112.8047,32.0132],[-112.7714,32.1],[-112.7637,32.1637],[-112.6971,32.1489],[-112.6941,32.1397],[-112.681,32.1409],[-112.6674,32.1373],[-112.6531,32.1406],[-112.6433,32.1367],[-112.6465,32.1422],[-112.5792,32.1393],[-112.5802,32.1547],[-112.5734,32.1718],[-112.5732,32.182],[-112.4349,32.1818],[-112.4326,32.1927],[-112.3724,32.1856],[-112.3695,32.1902],[-112.3658,32.2261],[-112.3517,32.2441],[-112.3418,32.2712],[-112.3325,32.2751],[-112.3285,32.2816],[-112.2746,32.2647],[-112.2591,32.2631],[-112.2495,32.2469],[-112.2333,32.2307],[-112.2342,32.223],[-112.2271,32.2141],[-112.2233,32.216],[-112.2179,32.2282],[-112.2129,32.2266],[-112.2374,32.2573],[-112.2491,32.2629],[-112.2438,32.2698],[-112.2506,32.302],[-112.2474,32.3192],[-112.2092,32.3315],[-112.194,32.3331],[-112.1863,32.34],[-112.1825,32.3509],[-112.1654,32.3648],[-112.1799,32.3693],[-112.1747,32.3882],[-112.1756,32.4053],[-112.1909,32.4128],[-112.1796,32.4256],[-112.1809,32.4346],[-112.1761,32.4425],[-112.1794,32.4541],[-112.1833,32.4517],[-112.1903,32.458],[-112.1991,32.4587],[-112.185,32.4671],[-112.1929,32.477],[-112.2045,32.4818],[-112.2062,32.4854],[-112.2029,32.4897],[-112.2102,32.4989],[-112.209,32.5067],[-112.2036,32.5067],[-112.2036,32.6378],[-112.3065,32.6377],[-112.3066,32.5938],[-112.5745,32.5937],[-112.5748,32.5061],[-112.5779,32.5052],[-112.881,32.5054],[-112.8816,32.491],[-112.8721,32.4561],[-112.8712,32.433],[-112.9015,32.4327],[-112.9055,32.4173],[-112.9164,32.4076],[-112.9165,32.3418],[-112.9032,32.3387],[-112.8916,32.344],[-112.8832,32.3437],[-112.8772,32.3422],[-112.8802,32.3405],[-112.8776,32.3349],[-112.8693,32.3313],[-112.8573,32.3311],[-112.8612,32.3195],[-112.8588,32.2797],[-112.8644,32.265],[-112.8692,32.2363],[-112.8728,32.2383],[-112.8745,32.2462],[-112.8801,32.242],[-112.9061,32.1992],[-113.0852,32.2004]]]},"properties":{"ZCTA5":"85321","CENTLAT":"+32.3005512","CENTLON":"-112.6322309"}},{"type":"Feature","geometry":{"type":"Polygon","coordinates":[[[-110.6827,34.2112],[-110.6755,34.2039],[-110.6618,34.2029],[-110.6623,34.1976],[-110.6461,34.1995],[-110.6282,34.1951],[-110.6273,34.1862],[-110.6149,34.1833],[-110.6054,34.1849],[-110.6003,34.1805],[-110.5957,34.1825],[-110.5974,34.1853],[-110.5952,34.1842],[-110.5939,34.1765],[-110.5757,34.1647],[-110.5715,34.165],[-110.576,34.1613],[-110.5608,34.1405],[-110.5575,34.1264],[-110.5259,34.0945],[-110.5424,34.0911],[-110.5692,34.0957],[-110.5777,34.1093],[-110.5823,34.1043],[-110.5917,34.1089],[-110.6065,34.1055],[-110.6049,34.092],[-110.6115,34.0891],[-110.6159,34.0905],[-110.6186,34.087],[-110.6228,34.0887],[-110.6239,34.0835],[-110.6303,34.0802],[-110.6312,34.0722],[-110.6178,34.0677],[-110.6135,34.0618],[-110.6111,34.0494],[-110.5905,34.0353],[-110.5469,34.02],[-110.5421,34.0232],[-110.5321,34.021],[-110.5351,34.018],[-110.5324,34.013],[-110.5178,34.0],[-110.2873,34.0],[-110.299,34.0213],[-110.2921,34.0306],[-110.2807,34.0575],[-110.2802,34.0717],[-110.2752,34.0818],[-110.2791,34.1051],[-110.2783,34.1294],[-110.2928,34.1627],[-110.3038,34.1743],[-110.3161,34.1789],[-110.3223,34.186],[-110.3204,34.188],[-110.3247,34.19],[-110.3256,34.1985],[-110.3115,34.21],[-110.3038,34.2234],[-110.2991,34.226],[-110.3046,34.2342],[-110.3203,34.2395],[-110.3355,34.2334],[-110.3482,34.2398],[-110.3551,34.2518],[-110.3739,34.2613],[-110.3712,34.2756],[-110.3743,34.2794],[-110.3843,34.2835],[-110.3892,34.2822],[-110.3947,34.2885],[-110.4047,34.2885],[-110.407,34.2928],[-110.4173,34.2937],[-110.4237,34.3056],[-110.4311,34.3071],[-110.4407,34.3001],[-110.456,34.3054],[-110.4569,34.3029],[-110.4706,34.3034],[-110.4757,34.3004],[-110.5118,34.303],[-110.5403,34.2825],[-110.5377,34.2743],[-110.545,34.271],[-110.5654,34.2813],[-110.5714,34.2743],[-110.5822,34.2817],[-110.5841,34.2874],[-110.597,34.2913],[-110.6166,34.2867],[-110.6362,34.288],[-110.6393,34.2846],[-110.6408,34.2686],[-110.6442,34.2692],[-110.6443,34.2663],[-110.6495,34.266],[-110.6591,34.2742],[-110.6697,34.2767],[-110.6669,34.2531],[-110.6725,34.2487],[-110.6709,34.2453],[-110.6787,34.2313],[-110.6767,34.2256],[-110.6827,34.2112]]]},"properties":{"ZCTA5":"85911","CENTLAT":"+34.1483947","CENTLON":"-110.4587504"}},{"type":"Feature","geometry":{"type":"Polygon","coordinates":[[[-111.8919,33.4673],[-111.8883,33.4659],[-111.8911,33.4368],[-111.8746,33.4368],[-111.8563,33.4483],[-111.8564,33.4513],[-111.8478,33.4526],[-111.8405,33.4607],[-111.8355,33.4588],[-111.8355,33.4625],[-111.8287,33.4626],[-111.8264,33.4698],[-111.8221,33.4698],[-111.8175,33.4816],[-111.8057,33.487],[-111.7875,33.4891],[-111.7875,33.4845],[-111.7443,33.4847],[-111.7409,33.4823],[-111.7324,33.4879],[-111.7268,33.4874],[-111.7355,33.4911],[-111.7382,33.4895],[-111.7355,33.4954],[-111.7527,33.4953],[-111.751,33.5125],[-111.7576,33.516],[-111.7651,33.5104],[-111.7752,33.5131],[-111.7874,33.5076],[-111.7874,33.5098],[-111.8048,33.5097],[-111.8047,33.5386],[-111.8223,33.5391],[-111.8217,33.5679],[-111.8566,33.568],[-111.8567,33.5212],[-111.8827,33.5279],[-111.8827,33.5167],[-111.874,33.5168],[-111.874,33.5095],[-111.8878,33.5094],[-111.8877,33.4875],[-111.8918,33.4804],[-111.8919,33.4673]]]},"properties":{"ZCTA5":"85256","CENTLAT":"+33.5004900","CENTLON":"-111.8352623"}},{"type":"Feature","geometry":{"type":"Polygon","coordinates":[[[-111.2958,33.9999],[-111.2917,33.9931],[-111.2945,33.9874],[-111.283,33.9874],[-111.2824,33.9913],[-111.2742,33.9938],[-111.2666,34.0059],[-111.2522,34.0018],[-111.2493,33.9959],[-111.2359,33.9906],[-111.2233,33.9974],[-111.2095,33.9967],[-111.1899,33.9788],[-111.182,33.982],[-111.1801,33.9902],[-111.1716,33.993],[-111.1731,33.9864],[-111.1693,33.9819],[-111.1718,33.9776],[-111.1609,33.9452],[-111.1679,33.9441],[-111.1671,33.9384],[-111.1705,33.934],[-111.1911,33.9206],[-111.1939,33.9156],[-111.184,33.8916],[-111.1866,33.8887],[-111.1753,33.8835],[-111.1503,33.8874],[-111.146,33.8816],[-111.1354,33.8868],[-111.1294,33.8955],[-111.1169,33.899],[-111.1164,33.8953],[-111.1068,33.8923],[-111.1006,33.8929],[-111.1017,33.8953],[-111.0965,33.897],[-111.085,33.8871],[-111.0872,33.8795],[-111.096,33.8701],[-111.0919,33.8601],[-111.0955,33.8465],[-111.0882,33.838],[-111.0874,33.8317],[-111.0898,33.8232],[-111.0976,33.8164],[-111.0968,33.809],[-111.0915,33.8021],[-111.0746,33.8212],[-111.0681,33.8234],[-111.0582,33.8185],[-111.0569,33.8133],[-111.0656,33.8046],[-111.0556,33.7997],[-111.0584,33.7922],[-111.0546,33.7874],[-111.0545,33.7758],[-111.0461,33.7606],[-111.0412,33.7585],[-111.0387,33.7488],[-111.0341,33.7522],[-111.0324,33.7487],[-111.0319,33.7421],[-111.0386,33.7366],[-111.0377,33.7111],[-111.035,33.7164],[-111.0257,33.7095],[-111.0105,33.7137],[-111.0079,33.7095],[-111.0004,33.7177],[-110.9874,33.7215],[-110.978,33.7184],[-110.9828,33.7053],[-110.9773,33.6811],[-110.8426,33.6812],[-110.8434,33.6923],[-110.8395,33.6941],[-110.8368,33.704],[-110.827,33.7065],[-110.8133,33.7235],[-110.8081,33.7318],[-110.8077,33.7449],[-110.7874,33.7515],[-110.7583,33.7516],[-110.7813,33.847],[-110.7833,34.3025],[-110.7809,34.3074],[-110.788,34.2978],[-110.7881,34.3091],[-110.7936,34.305],[-110.7957,34.3071],[-110.796,34.2991],[-110.8028,34.2981],[-110.8055,34.3111],[-110.8093,34.3029],[-110.8118,34.3031],[-110.8113,34.2954],[-110.8239,34.3026],[-110.8339,34.303],[-110.8385,34.3088],[-110.8459,34.3071],[-110.8453,34.3039],[-110.8217,34.2921],[-110.8207,34.2878],[-110.8378,34.2806],[-110.8348,34.2759],[-110.8325,34.2785],[-110.8259,34.2758],[-110.8357,34.2693],[-110.8482,34.2709],[-110.8448,34.2618],[-110.8477,34.2585],[-110.853,34.2616],[-110.851,34.2522],[-110.8579,34.2499],[-110.8531,34.2471],[-110.8871,34.2546],[-110.8939,34.2435],[-110.8912,34.2375],[-110.9056,34.235],[-110.9091,34.2293],[-110.948,34.24],[-110.9507,34.2364],[-110.9566,34.2384],[-110.9611,34.2292],[-110.9695,34.2446],[-110.9756,34.2379],[-110.9829,34.2412],[-110.9873,34.2377],[-111.0002,34.2377],[-111.0075,34.23],[-111.0126,34.2379],[-111.0117,34.2459],[-111.0199,34.255],[-111.0182,34.2576],[-111.0287,34.2604],[-111.0547,34.2542],[-111.0623,34.2474],[-111.0733,34.2481],[-111.0907,34.2317],[-111.0964,34.2156],[-111.1103,34.211],[-111.1102,34.2084],[-111.116,34.2114],[-111.1222,34.2075],[-111.1277,34.2133],[-111.1415,34.2159],[-111.1495,34.2135],[-111.1676,34.1677],[-111.1743,34.1647],[-111.1763,34.1598],[-111.1898,34.1542],[-111.1928,34.1489],[-111.205,34.15],[-111.2058,34.1466],[-111.2206,34.1482],[-111.2241,34.1388],[-111.2696,34.1196],[-111.2713,34.1037],[-111.2868,34.0849],[-111.282,34.08],[-111.2865,34.0752],[-111.2833,34.0713],[-111.2872,34.0674],[-111.2856,34.0618],[-111.2941,34.0554],[-111.292,34.0467],[-111.2862,34.0418],[-111.2886,34.0339],[-111.2821,34.0253],[-111.2834,34.0211],[-111.2949,34.0189],[-111.2922,34.0101],[-111.2958,33.9999]]]},"properties":{"ZCTA5":"85554","CENTLAT":"+33.9965995","CENTLON":"-110.9782888"}},{"type":"Feature","geometry":{"type":"Polygon","coordinates":[[[-110.8255,32.2615],[-110.8109,32.2509],[-110.7933,32.2482],[-110.7836,32.2402],[-110.7727,32.2382],[-110.7727,32.2354],[-110.7548,32.2355],[-110.7452,32.2447],[-110.7435,32.2373],[-110.7384,32.2393],[-110.7333,32.237],[-110.7231,32.2408],[-110.722,32.2369],[-110.713,32.2396],[-110.708,32.2367],[-110.6872,32.242],[-110.6859,32.2462],[-110.67,32.2461],[-110.6683,32.2543],[-110.6572,32.2567],[-110.6523,32.2614],[-110.6523,32.3383],[-110.6907,32.338],[-110.6961,32.3296],[-110.7061,32.3248],[-110.7122,32.3121],[-110.7192,32.3093],[-110.7213,32.3115],[-110.7341,32.3091],[-110.811,32.3089],[-110.8115,32.3022],[-110.8058,32.2924],[-110.808,32.2741],[-110.8134,32.2622],[-110.8255,32.2615]]]},"properties":{"ZCTA5":"85749","CENTLAT":"+32.2812799","CENTLON":"-110.7260417"}},{"type":"Feature","geometry":{"type":"Polygon","coordinates":[[[-111.8945,33.3568],[-111.8591,33.3571],[-111.8591,33.3642],[-111.8618,33.3642],[-111.8592,33.3662],[-111.8598,33.3787],[-111.864,33.379],[-111.8595,33.3834],[-111.864,33.3847],[-111.8631,33.391],[-111.8572,33.3931],[-111.8598,33.3984],[-111.8566,33.4113],[-111.8885,33.4109],[-111.8798,33.3869],[-111.8913,33.3857],[-111.8945,33.3568]]]},"properties":{"ZCTA5":"85202","CENTLAT":"+33.3825239","CENTLON":"-111.8748151"}},{"type":"Feature","geometry":{"type":"Polygon","coordinates":[[[-111.8414,33.2337],[-111.8368,33.2305],[-111.8394,33.2292],[-111.8365,33.2119],[-111.8327,33.217],[-111.8399,33.2102],[-111.8409,33.204],[-111.7554,33.2048],[-111.7554,33.2338],[-111.7642,33.2338],[-111.7641,33.2487],[-111.8296,33.2478],[-111.8254,33.2551],[-111.8369,33.2549],[-111.8369,33.2477],[-111.8413,33.2476],[-111.8414,33.2337]]]},"properties":{"ZCTA5":"85249","CENTLAT":"+33.2265167","CENTLON":"-111.7991888"}},{"type":"Feature","geometry":{"type":"Polygon","coordinates":[[[-111.754,33.3793],[-111.7224,33.3793],[-111.7209,33.3823],[-111.7279,33.3829],[-111.728,33.3864],[-111.7194,33.3865],[-111.7195,33.3793],[-111.6829,33.3794],[-111.6848,33.3867],[-111.6785,33.3867],[-111.6782,33.3899],[-111.6847,33.394],[-111.6845,33.4116],[-111.6804,33.4125],[-111.6845,33.4157],[-111.6932,33.415],[-111.694,33.4113],[-111.6954,33.4156],[-111.7028,33.4156],[-111.7039,33.4118],[-111.7052,33.4156],[-111.72,33.4156],[-111.7192,33.4084],[-111.7277,33.4083],[-111.7277,33.4155],[-111.7515,33.4155],[-111.7537,33.4124],[-111.7493,33.4124],[-111.7467,33.4083],[-111.7538,33.4082],[-111.7538,33.401],[-111.7505,33.3974],[-111.7538,33.3918],[-111.7473,33.3864],[-111.7539,33.3863],[-111.754,33.3793]]]},"properties":{"ZCTA5":"85206","CENTLAT":"+33.3968662","CENTLON":"-111.7174978"}},{"type":"Feature","geometry":{"type":"Polygon","coordinates":[[[-111.9784,33.3766],[-111.9688,33.3772],[-111.972,33.3491],[-111.9631,33.3491],[-111.9616,33.352],[-111.9545,33.3492],[-111.9545,33.3531],[-111.95,33.3548],[-111.9458,33.353],[-111.9457,33.3492],[-111.8939,33.3494],[-111.8932,33.3785],[-111.9077,33.3807],[-111.9092,33.3784],[-111.9439,33.3782],[-111.9437,33.3855],[-111.9523,33.3855],[-111.9451,33.3782],[-111.9492,33.3807],[-111.9674,33.377],[-111.9782,33.3818],[-111.9784,33.3766]]]},"properties":{"ZCTA5":"85283","CENTLAT":"+33.3645716","CENTLON":"-111.9319448"}},{"type":"Feature","geometry":{"type":"Polygon","coordinates":[[[-111.926,33.6007],[-111.926,33.5894],[-111.9216,33.5894],[-111.9217,33.5821],[-111.926,33.5822],[-111.9239,33.5811],[-111.8565,33.5825],[-111.8566,33.6043],[-111.8541,33.6044],[-111.87,33.6251],[-111.8608,33.6322],[-111.8613,33.6437],[-111.8659,33.6402],[-111.9074,33.6402],[-111.8966,33.6365],[-111.8976,33.6327],[-111.9166,33.6363],[-111.9168,33.633],[-111.922,33.633],[-111.9224,33.6264],[-111.9257,33.6258],[-111.9221,33.6257],[-111.926,33.604],[-111.9221,33.604],[-111.926,33.6007]]]},"properties":{"ZCTA5":"85260","CENTLAT":"+33.6094410","CENTLON":"-111.8910884"}},{"type":"Feature","geometry":{"type":"Polygon","coordinates":[[[-113.2127,33.0795],[-113.2085,33.0748],[-113.2029,33.0468],[-113.1943,33.038],[-113.171,33.0256],[-113.1344,33.0341],[-113.1247,33.0292],[-113.1235,33.0254],[-113.0478,33.0237],[-113.026,33.0294],[-113.0271,32.941],[-113.0235,32.9411],[-113.0232,32.8836],[-112.8706,32.8835],[-112.8707,32.887],[-112.8576,32.887],[-112.8576,32.8908],[-112.8492,32.8908],[-112.849,32.8946],[-112.8323,32.8977],[-112.8324,32.9018],[-112.8239,32.9019],[-112.8239,32.9053],[-112.8062,32.9087],[-112.8063,32.9125],[-112.7507,32.9127],[-112.7501,32.909],[-112.7416,32.909],[-112.7415,32.9124],[-112.7358,32.9124],[-112.794,32.808],[-112.77,32.7886],[-112.7451,32.7627],[-112.7379,32.797],[-112.7374,32.8302],[-112.7186,32.8528],[-112.7185,32.8262],[-112.6413,32.8265],[-112.6642,32.8756],[-112.6644,32.8837],[-112.6557,32.8836],[-112.6558,32.891],[-112.6471,32.891],[-112.6473,32.9202],[-112.5836,32.9063],[-112.5387,32.9074],[-112.5128,32.9001],[-112.5111,32.9971],[-112.5174,32.9965],[-112.5597,32.9742],[-112.6821,32.9527],[-112.6853,32.9537],[-112.6844,32.9565],[-112.6728,32.9709],[-112.674,32.9855],[-112.6775,32.9855],[-112.6658,33.0024],[-112.6656,33.0435],[-112.682,33.0436],[-112.695,33.0121],[-112.7025,33.0054],[-112.7133,33.0022],[-112.7175,33.0063],[-112.7239,33.0052],[-112.736,33.0099],[-112.7474,33.009],[-112.7507,33.0054],[-112.7591,33.0098],[-112.767,33.0056],[-112.7781,33.0135],[-112.7766,33.0193],[-112.7794,33.0223],[-112.8073,33.0262],[-112.8202,33.0371],[-112.8236,33.026],[-112.8359,33.0306],[-112.8554,33.0451],[-112.875,33.0456],[-112.887,33.0386],[-112.9103,33.0378],[-112.9154,33.0437],[-112.9316,33.0452],[-112.9592,33.0573],[-112.9671,33.0577],[-112.9779,33.053],[-112.9923,33.0563],[-112.9979,33.0603],[-113.0089,33.0786],[-113.0158,33.0737],[-113.026,33.0865],[-113.0266,33.2044],[-113.0618,33.1702],[-113.0898,33.1481],[-113.0922,33.1412],[-113.0996,33.1391],[-113.1446,33.0979],[-113.1644,33.0925],[-113.1847,33.0913],[-113.2127,33.0795]]]},"properties":{"ZCTA5":"85337","CENTLAT":"+32.9755346","CENTLON":"-112.8658083"}},{"type":"Feature","geometry":{"type":"Polygon","coordinates":[[[-111.7898,33.4606],[-111.7876,33.4518],[-111.7838,33.4518],[-111.7877,33.4492],[-111.7881,33.4227],[-111.7826,33.4193],[-111.7841,33.4154],[-111.7798,33.4112],[-111.7794,33.4154],[-111.7711,33.4155],[-111.7711,33.4099],[-111.7668,33.4099],[-111.7667,33.4143],[-111.7542,33.4122],[-111.7537,33.4194],[-111.7515,33.4166],[-111.7495,33.4193],[-111.75,33.4224],[-111.7536,33.4228],[-111.7504,33.4245],[-111.7536,33.4251],[-111.7534,33.4754],[-111.748,33.4805],[-111.7564,33.4829],[-111.7873,33.4809],[-111.7874,33.4745],[-111.7832,33.4745],[-111.7832,33.4691],[-111.7873,33.4691],[-111.7898,33.4606]]]},"properties":{"ZCTA5":"85213","CENTLAT":"+33.4476792","CENTLON":"-111.7696408"}},{"type":"Feature","geometry":{"type":"Polygon","coordinates":[[[-111.6727,33.0492],[-111.6123,33.0036],[-111.6011,33.0025],[-111.6011,32.9961],[-111.6183,32.9963],[-111.6186,32.9673],[-111.6526,32.9673],[-111.6525,32.9602],[-111.6575,32.9602],[-111.6576,32.9529],[-111.6487,32.9528],[-111.6487,32.9456],[-111.653,32.9458],[-111.653,32.9383],[-111.5323,32.9375],[-111.5324,32.9085],[-111.5411,32.9085],[-111.541,32.894],[-111.5324,32.894],[-111.5325,32.8722],[-111.5152,32.8722],[-111.5153,32.8513],[-111.5107,32.8488],[-111.5107,32.8359],[-111.4643,32.8347],[-111.4373,32.8233],[-111.4285,32.8363],[-111.4366,32.8504],[-111.3615,32.8497],[-111.3615,32.792],[-111.356,32.7972],[-111.3549,32.8041],[-111.349,32.8085],[-111.3506,32.815],[-111.3454,32.8258],[-111.3338,32.8243],[-111.3321,32.8462],[-111.3392,32.8622],[-111.339,32.8781],[-111.4128,32.8934],[-111.415,32.9438],[-111.4318,32.9441],[-111.416,32.9702],[-111.4215,32.9732],[-111.4214,32.9767],[-111.4116,32.9875],[-111.4048,32.99],[-111.4014,32.998],[-111.4054,33.0029],[-111.4214,33.0067],[-111.422,33.0101],[-111.4557,33.0031],[-111.4557,33.017],[-111.4788,33.0186],[-111.4931,33.0137],[-111.4991,33.0163],[-111.5075,33.0132],[-111.5118,33.0181],[-111.5159,33.0161],[-111.5166,33.1183],[-111.6362,33.118],[-111.6358,33.0796],[-111.6016,33.0728],[-111.5589,33.0559],[-111.559,33.0304],[-111.6085,33.0509],[-111.6085,33.0486],[-111.6171,33.0518],[-111.6171,33.045],[-111.6299,33.045],[-111.6344,33.0487],[-111.6581,33.0547],[-111.6727,33.0492]],[[-111.4557,32.9832],[-111.4557,32.9884],[-111.4384,32.989],[-111.4385,32.9811],[-111.4557,32.9832]]]},"properties":{"ZCTA5":"85128","CENTLAT":"+32.9646503","CENTLON":"-111.5102361"}},{"type":"Feature","geometry":{"type":"Polygon","coordinates":[[[-111.8419,33.1181],[-111.7893,33.0491],[-111.8012,33.0652],[-111.7749,33.0583],[-111.7565,33.0602],[-111.7418,33.0569],[-111.727,33.0487],[-111.7254,33.042],[-111.6884,33.0611],[-111.6727,33.0492],[-111.6581,33.0547],[-111.6344,33.0487],[-111.6299,33.045],[-111.6171,33.045],[-111.6171,33.0518],[-111.6085,33.0486],[-111.6075,33.0508],[-111.6046,33.0472],[-111.559,33.0304],[-111.5589,33.0559],[-111.6016,33.0728],[-111.6358,33.0796],[-111.6362,33.118],[-111.686,33.1177],[-111.6873,33.1472],[-111.6977,33.1495],[-111.7056,33.1378],[-111.714,33.1331],[-111.722,33.1367],[-111.7302,33.1357],[-111.7374,33.1268],[-111.7376,33.1213],[-111.7458,33.125],[-111.7552,33.1381],[-111.7917,33.169],[-111.8131,33.1687],[-111.7892,33.1527],[-111.7892,33.1466],[-111.815,33.1466],[-111.815,33.1394],[-111.8191,33.1394],[-111.827,33.1411],[-111.8293,33.1467],[-111.8409,33.1535],[-111.8419,33.1181]]]},"properties":{"ZCTA5":"85147","CENTLAT":"+33.0945710","CENTLON":"-111.7209048"}},{"type":"Feature","geometry":{"type":"Polygon","coordinates":[[[-112.1865,33.4959],[-112.1864,33.491],[-112.1777,33.4883],[-112.1864,33.4878],[-112.1864,33.4805],[-112.1603,33.4805],[-112.1598,33.4768],[-112.1582,33.4805],[-112.1548,33.4805],[-112.1517,33.4779],[-112.1516,33.5095],[-112.1864,33.5096],[-112.1865,33.4959]]]},"properties":{"ZCTA5":"85031","CENTLAT":"+33.4948968","CENTLON":"-112.1683369"}},{"type":"Feature","geometry":{"type":"Polygon","coordinates":[[[-112.0172,33.1239],[-112.0005,33.1178],[-111.9701,33.1174],[-111.9698,33.1103],[-111.9571,33.1033],[-111.9442,33.1034],[-111.9442,33.1178],[-111.9183,33.1177],[-111.9183,33.0877],[-111.9101,33.0877],[-111.9235,33.0797],[-111.9356,33.0657],[-111.9155,33.0656],[-111.885,33.048],[-111.876,33.0562],[-111.8629,33.0617],[-111.8238,33.0682],[-111.8237,33.0939],[-111.842,33.1178],[-111.8409,33.1904],[-111.8928,33.1903],[-111.8946,33.1858],[-111.9091,33.2047],[-111.9954,33.2047],[-112.0081,33.1654],[-112.0073,33.1438],[-112.0172,33.1239]]]},"properties":{"ZCTA5":"85121","CENTLAT":"+33.1375087","CENTLON":"-111.9131442"}},{"type":"Feature","geometry":{"type":"MultiPolygon","coordinates":[[[[-110.0395,34.1973],[-110.0159,34.1746],[-110.0182,34.1677],[-110.0108,34.165],[-110.0145,34.1559],[-110.0107,34.1516],[-110.0115,34.1467],[-110.002,34.142],[-109.9956,34.1436],[-109.9822,34.1395],[-109.9861,34.1353],[-110.0012,34.1303],[-110.0123,34.1188],[-110.0114,34.1133],[-110.0175,34.1034],[-110.0127,34.0921],[-109.9759,34.0843],[-109.9482,34.0853],[-109.944,34.0883],[-109.9535,34.096],[-109.9604,34.0969],[-109.9694,34.1097],[-109.9631,34.1121],[-109.9684,34.114],[-109.9684,34.1174],[-109.9642,34.1177],[-109.9616,34.124],[-109.9558,34.1259],[-109.9546,34.1224],[-109.9503,34.1223],[-109.9484,34.1252],[-109.9553,34.1288],[-109.9622,34.14],[-109.9534,34.1404],[-109.9494,34.1363],[-109.9459,34.1403],[-109.9501,34.1403],[-109.9502,34.1475],[-109.9548,34.1475],[-109.9559,34.169],[-109.961,34.172],[-109.9569,34.1837],[-109.9514,34.1831],[-109.9533,34.1851],[-109.9634,34.183],[-109.9514,34.1865],[-109.9436,34.1853],[-109.9368,34.1893],[-109.9368,34.1816],[-109.9328,34.1808],[-109.9241,34.1879],[-109.914,34.1836],[-109.9084,34.1855],[-109.9032,34.1819],[-109.9028,34.1749],[-109.8934,34.1714],[-109.8977,34.1768],[-109.8913,34.1999],[-109.8953,34.2013],[-109.8956,34.2055],[-109.8635,34.2153],[-109.849,34.223],[-109.849,34.2276],[-109.9451,34.2275],[-109.9446,34.1988],[-109.9936,34.1985],[-109.9735,34.1884],[-109.9721,34.1816],[-109.9768,34.1809],[-109.9769,34.1733],[-109.9723,34.1711],[-109.9839,34.1718],[-109.9794,34.1769],[-109.9866,34.1769],[-109.9881,34.1796],[-109.9949,34.177],[-109.9999,34.1789],[-109.999,34.1897],[-110.0058,34.1952],[-110.0201,34.1946],[-110.0202,34.198],[-110.0246,34.1982],[-110.0246,34.2036],[-110.0302,34.2036],[-110.0314,34.1982],[-110.0395,34.1973]]],[[[-110.0334,34.1996],[-110.0332,34.1986],[-110.0312,34.1995],[-110.0334,34.1996]]]]},"properties":{"ZCTA5":"85929","CENTLAT":"+34.1651475","CENTLON":"-109.9595361"}},{"type":"Feature","geometry":{"type":"Polygon","coordinates":[[[-111.6847,33.3963],[-111.6762,33.3933],[-111.6501,33.3934],[-111.6501,33.3988],[-111.6417,33.3988],[-111.6462,33.3934],[-111.6154,33.3933],[-111.6154,33.4012],[-111.6109,33.4013],[-111.6093,33.3933],[-111.598,33.3933],[-111.598,33.3867],[-111.5807,33.3867],[-111.5806,33.3969],[-111.585,33.3969],[-111.5851,33.4031],[-111.5811,33.4009],[-111.5807,33.4078],[-111.598,33.4078],[-111.598,33.4115],[-111.5904,33.4114],[-111.5904,33.4151],[-111.6153,33.4151],[-111.6154,33.4114],[-111.6196,33.4114],[-111.624,33.4151],[-111.6317,33.4151],[-111.6321,33.4115],[-111.6327,33.4151],[-111.637,33.4151],[-111.6417,33.4078],[-111.642,33.4151],[-111.6436,33.4113],[-111.6484,33.413],[-111.6484,33.4078],[-111.6501,33.4152],[-111.6643,33.4152],[-111.6637,33.411],[-111.6675,33.4103],[-111.6674,33.4152],[-111.6782,33.4154],[-111.6817,33.4134],[-111.6804,33.4107],[-111.6845,33.4116],[-111.6847,33.3963]],[[-111.6275,33.4094],[-111.6275,33.4111],[-111.6264,33.4111],[-111.6275,33.4094]],[[-111.6275,33.4118],[-111.6275,33.4141],[-111.6264,33.4142],[-111.6275,33.4118]]]},"properties":{"ZCTA5":"85208","CENTLAT":"+33.4030113","CENTLON":"-111.6318949"}},{"type":"Feature","geometry":{"type":"Polygon","coordinates":[[[-112.3024,33.4343],[-112.3023,33.4289],[-112.2897,33.4282],[-112.2923,33.4349],[-112.3024,33.4343]]]},"properties":{"ZCTA5":"85329","CENTLAT":"+33.4317712","CENTLON":"-112.2964097"}},{"type":"Feature","geometry":{"type":"Polygon","coordinates":[[[-112.2065,33.5847],[-112.2029,33.5817],[-112.2028,33.5839],[-112.2005,33.5817],[-112.1731,33.5819],[-112.1688,33.5848],[-112.1662,33.5819],[-112.1515,33.5819],[-112.1513,33.6071],[-112.1634,33.6054],[-112.1642,33.6107],[-112.1833,33.6108],[-112.1859,33.6059],[-112.1901,33.6107],[-112.2026,33.6106],[-112.2029,33.5865],[-112.2065,33.5847]]]},"properties":{"ZCTA5":"85304","CENTLAT":"+33.5956524","CENTLON":"-112.1781378"}},{"type":"Feature","geometry":{"type":"Polygon","coordinates":[[[-111.072,34.3785],[-111.0548,34.3793],[-111.0515,34.3755],[-111.0534,34.3707],[-111.051,34.3704],[-111.0445,34.3794],[-111.0406,34.3778],[-111.0375,34.3713],[-111.0415,34.3713],[-111.0516,34.357],[-111.0569,34.3604],[-111.0578,34.3557],[-111.0442,34.3429],[-111.0288,34.3413],[-111.0282,34.3464],[-111.0313,34.3496],[-111.0259,34.3538],[-111.0338,34.3623],[-111.0275,34.3634],[-111.0235,34.3724],[-111.0201,34.3732],[-111.0205,34.3617],[-111.0101,34.3585],[-111.0086,34.3624],[-111.006,34.3611],[-111.0037,34.3563],[-111.0059,34.3512],[-110.9982,34.3517],[-110.9973,34.3441],[-110.9754,34.3366],[-110.9687,34.3238],[-110.9589,34.3145],[-110.9536,34.3139],[-110.9511,34.3188],[-110.9461,34.3173],[-110.9416,34.3106],[-110.9271,34.3105],[-110.9057,34.3002],[-110.8969,34.3024],[-110.8952,34.2955],[-110.8839,34.2896],[-110.8887,34.2863],[-110.8839,34.2804],[-110.865,34.271],[-110.8529,34.27],[-110.8476,34.2656],[-110.8479,34.2711],[-110.844,34.2684],[-110.8357,34.2693],[-110.8265,34.2753],[-110.8261,34.2777],[-110.8325,34.2785],[-110.8348,34.2759],[-110.8378,34.2806],[-110.8201,34.2886],[-110.8246,34.2954],[-110.8453,34.3039],[-110.8459,34.3071],[-110.8385,34.3088],[-110.8339,34.303],[-110.8239,34.3026],[-110.8113,34.2954],[-110.8118,34.3031],[-110.8093,34.3029],[-110.8055,34.3111],[-110.8028,34.2981],[-110.796,34.2991],[-110.7957,34.3071],[-110.7936,34.305],[-110.7881,34.3091],[-110.788,34.2978],[-110.7812,34.3077],[-110.7829,34.2995],[-110.7646,34.2924],[-110.7579,34.2793],[-110.7667,34.269],[-110.767,34.259],[-110.7507,34.2633],[-110.7507,34.6446],[-110.7765,34.6333],[-110.7816,34.6347],[-110.78,34.6377],[-110.8297,34.6381],[-110.8368,34.6301],[-110.8398,34.6345],[-110.8518,34.6365],[-110.8679,34.6442],[-110.8728,34.6535],[-110.8782,34.6438],[-110.8772,34.6393],[-110.8885,34.6291],[-110.8913,34.6296],[-110.8988,34.6028],[-110.9121,34.5826],[-110.9238,34.5834],[-110.939,34.5965],[-110.9483,34.5865],[-110.9521,34.5717],[-110.9495,34.5619],[-110.9524,34.5458],[-110.9474,34.5319],[-110.9624,34.5327],[-110.9806,34.5206],[-110.9855,34.5273],[-110.9882,34.5264],[-110.9897,34.5229],[-110.9858,34.5177],[-110.9945,34.5217],[-110.9967,34.5106],[-111.002,34.5093],[-111.0018,34.4977],[-111.0069,34.4897],[-111.0268,34.4839],[-111.0534,34.4603],[-111.0606,34.4575],[-111.0609,34.4533],[-111.0543,34.4475],[-111.0585,34.446],[-111.0546,34.4442],[-111.0353,34.453],[-111.0136,34.4759],[-111.0077,34.476],[-111.0062,34.4706],[-111.0219,34.4613],[-111.0188,34.4528],[-111.0052,34.4542],[-110.9965,34.4614],[-110.9969,34.4514],[-110.9939,34.4487],[-110.9858,34.4586],[-110.9822,34.4701],[-110.9649,34.4712],[-110.979,34.4552],[-110.9839,34.4422],[-110.9842,34.4304],[-111.072,34.3785]]]},"properties":{"ZCTA5":"85931","CENTLAT":"+34.4523005","CENTLON":"-110.8700612"}},{"type":"Feature","geometry":{"type":"Polygon","coordinates":[[[-111.5863,33.1775],[-111.5797,33.168],[-111.5773,33.1182],[-111.4751,33.1176],[-111.4741,33.1484],[-111.4287,33.1775],[-111.438,33.1912],[-111.4928,33.1911],[-111.4921,33.162],[-111.5284,33.1619],[-111.5827,33.2189],[-111.5813,33.1847],[-111.5863,33.1775]]]},"properties":{"ZCTA5":"85143","CENTLAT":"+33.1560243","CENTLON":"-111.5197589"}},{"type":"Feature","geometry":{"type":"Polygon","coordinates":[[[-113.1421,33.8794],[-113.1421,33.8561],[-113.1108,33.8371],[-113.0916,33.8423],[-113.0673,33.8631],[-113.0722,33.8298],[-113.0706,33.8242],[-113.0831,33.8201],[-113.0598,33.8058],[-113.0724,33.8052],[-113.071,33.7932],[-113.062,33.7784],[-113.0546,33.7779],[-113.0433,33.7864],[-113.0282,33.7835],[-113.0133,33.7872],[-112.9437,33.7661],[-112.9346,33.7626],[-112.9322,33.7548],[-112.9225,33.7459],[-112.9046,33.7363],[-112.8809,33.7179],[-112.8485,33.7921],[-112.8498,33.7876],[-112.83,33.7562],[-112.8293,33.7355],[-112.8181,33.7227],[-112.7908,33.7231],[-112.7788,33.7338],[-112.7629,33.7325],[-112.7549,33.7432],[-112.7622,33.7662],[-112.7595,33.7714],[-112.7769,33.7714],[-112.7769,33.775],[-112.7421,33.775],[-112.7421,33.7787],[-112.7769,33.7823],[-112.7769,33.7932],[-112.7596,33.7932],[-112.7595,33.8113],[-112.7562,33.8114],[-112.7575,33.8155],[-112.7683,33.8229],[-112.7598,33.8239],[-112.7571,33.8312],[-112.7569,33.8355],[-112.7656,33.8405],[-112.7636,33.8531],[-112.7583,33.8556],[-112.7566,33.8609],[-112.7493,33.8572],[-112.7434,33.8617],[-112.7368,33.8614],[-112.7402,33.8669],[-112.7382,33.878],[-112.7348,33.8805],[-112.7278,33.8786],[-112.7245,33.8826],[-112.7152,33.8757],[-112.7075,33.8806],[-112.7074,33.8984],[-112.703,33.8984],[-112.7031,33.9129],[-112.6852,33.9272],[-112.685,33.9852],[-112.6939,33.9875],[-112.6646,34.0019],[-112.6579,34.0103],[-112.6414,34.016],[-112.6324,34.0294],[-112.6128,34.0424],[-112.5959,34.0394],[-112.5875,34.0417],[-112.5836,34.0467],[-112.5564,34.0464],[-112.5568,34.0486],[-112.5525,34.0453],[-112.5433,34.0459],[-112.5418,34.0509],[-112.5256,34.0453],[-112.5169,34.0462],[-112.5168,34.113],[-112.6173,34.1128],[-112.6176,34.0712],[-112.7094,34.0711],[-112.7162,34.0488],[-112.7323,34.0583],[-112.739,34.0567],[-112.7478,34.06],[-112.7596,34.0712],[-112.7957,34.071],[-112.8028,34.0654],[-112.809,34.0675],[-112.8193,34.0631],[-112.8089,34.0252],[-112.8173,34.0309],[-112.8171,34.0472],[-112.8216,34.0626],[-112.8447,34.0999],[-112.9019,34.0999],[-112.9064,34.0927],[-112.8975,34.0865],[-112.9048,34.0709],[-112.9047,34.0619],[-112.9206,34.0581],[-112.9188,34.0476],[-112.9247,34.0268],[-112.9231,34.0209],[-112.9069,34.0023],[-112.9174,33.9999],[-113.0452,34.0],[-113.0481,33.9855],[-113.0591,33.9783],[-113.0605,33.9732],[-113.0841,33.9704],[-113.0917,33.9757],[-113.1114,33.9728],[-113.1416,33.9513],[-113.1421,33.8794]]]},"properties":{"ZCTA5":"85390","CENTLAT":"+33.9238653","CENTLON":"-112.8675394"}},{"type":"Feature","geometry":{"type":"Polygon","coordinates":[[[-112.3237,34.8803],[-112.323,34.8746],[-112.3161,34.8696],[-112.3187,34.8679],[-112.3139,34.866],[-112.3211,34.8592],[-112.3189,34.8529],[-112.3236,34.8511],[-112.3222,34.838],[-112.3152,34.8306],[-112.3173,34.826],[-112.3123,34.819],[-112.3005,34.8147],[-112.294,34.7987],[-112.3009,34.7862],[-112.3142,34.7751],[-112.2808,34.7872],[-112.2658,34.7867],[-112.2053,34.8031],[-112.1866,34.8027],[-112.1838,34.792],[-112.1733,34.785],[-112.1756,34.7826],[-112.1791,34.7851],[-112.1836,34.7804],[-112.1898,34.7829],[-112.1997,34.7786],[-112.2046,34.7804],[-112.2044,34.7753],[-112.21,34.7792],[-112.2092,34.7764],[-112.2165,34.777],[-112.215,34.7722],[-112.2229,34.7693],[-112.2277,34.7738],[-112.228,34.7676],[-112.239,34.7555],[-112.2416,34.722],[-112.2467,34.7157],[-112.2016,34.7156],[-112.2017,34.7012],[-112.1684,34.7012],[-112.1684,34.6929],[-112.1681,34.6957],[-112.161,34.6987],[-112.1613,34.7033],[-112.1577,34.7],[-112.1497,34.7076],[-112.1477,34.7035],[-112.1393,34.7057],[-112.1388,34.6981],[-112.1503,34.6917],[-112.1526,34.6867],[-112.1533,34.6747],[-112.1371,34.6678],[-112.1297,34.6679],[-112.1112,34.6532],[-112.0975,34.6534],[-112.0958,34.6495],[-112.0905,34.6513],[-112.0908,34.7167],[-112.0882,34.7104],[-112.0595,34.7092],[-112.0555,34.7192],[-112.0485,34.7248],[-112.0536,34.7249],[-112.0537,34.7397],[-112.0437,34.7407],[-112.0447,34.7467],[-112.0505,34.7517],[-112.0491,34.7546],[-112.0359,34.7544],[-112.0273,34.7583],[-112.0253,34.7652],[-112.0135,34.7653],[-112.0135,34.7615],[-111.9748,34.7616],[-111.9703,34.7535],[-111.9587,34.7814],[-111.9579,34.8009],[-111.9642,34.8262],[-112.0079,34.8156],[-112.0272,34.8044],[-112.0416,34.8067],[-112.0414,34.8179],[-112.0379,34.8227],[-112.0349,34.8398],[-112.0442,34.8392],[-112.0509,34.8442],[-112.0145,34.8605],[-111.9976,34.8843],[-111.9856,34.8939],[-111.9824,34.9028],[-111.9822,34.9315],[-111.987,34.94],[-111.9843,34.96],[-111.9613,34.9764],[-112.1394,34.974],[-112.1313,34.9648],[-112.1422,34.9574],[-112.1541,34.9412],[-112.1649,34.9373],[-112.1665,34.9413],[-112.1685,34.9383],[-112.1827,34.9372],[-112.1893,34.9328],[-112.2025,34.9344],[-112.2062,34.9264],[-112.2059,34.9159],[-112.2115,34.9104],[-112.2055,34.9048],[-112.2104,34.8958],[-112.2057,34.8954],[-112.2079,34.8936],[-112.2192,34.8952],[-112.2228,34.9037],[-112.2383,34.9059],[-112.2388,34.9147],[-112.2572,34.9068],[-112.2581,34.9135],[-112.2624,34.9163],[-112.2675,34.9131],[-112.2772,34.9179],[-112.2897,34.9112],[-112.2942,34.9054],[-112.2963,34.8831],[-112.2914,34.8825],[-112.288,34.8778],[-112.2989,34.8785],[-112.3082,34.8723],[-112.3107,34.8744],[-112.3082,34.8796],[-112.3237,34.8803]],[[-112.1539,34.7594],[-112.1521,34.7624],[-112.1425,34.7631],[-112.1407,34.7655],[-112.144,34.7698],[-112.1256,34.7749],[-112.1196,34.7797],[-112.1035,34.7771],[-112.0885,34.7805],[-112.0832,34.7765],[-112.087,34.7771],[-112.1034,34.7677],[-112.0886,34.7611],[-112.0762,34.7614],[-112.0998,34.7501],[-112.0949,34.7444],[-112.1098,34.7397],[-112.1177,34.7447],[-112.129,34.7385],[-112.1341,34.7417],[-112.1311,34.7467],[-112.1373,34.7475],[-112.1424,34.754],[-112.1486,34.7538],[-112.1539,34.7594]]]},"properties":{"ZCTA5":"86324","CENTLAT":"+34.8359597","CENTLON":"-112.1304256"}},{"type":"Feature","geometry":{"type":"Polygon","coordinates":[[[-111.8917,34.6612],[-111.8916,34.6587],[-111.8536,34.6566],[-111.8532,34.6128],[-111.8478,34.6132],[-111.8432,34.6201],[-111.8343,34.6165],[-111.8342,34.6138],[-111.8257,34.6132],[-111.8257,34.6056],[-111.8291,34.6055],[-111.8262,34.603],[-111.8095,34.6062],[-111.7936,34.5902],[-111.7831,34.5904],[-111.7858,34.577],[-111.7763,34.5717],[-111.77,34.5719],[-111.7689,34.5757],[-111.7635,34.5777],[-111.7487,34.5775],[-111.7422,34.5851],[-111.7347,34.5874],[-111.7367,34.5923],[-111.7308,34.5927],[-111.7323,34.5764],[-111.7447,34.5506],[-111.7731,34.5341],[-111.777,34.5288],[-111.7751,34.5253],[-111.7668,34.5253],[-111.7668,34.5077],[-111.7593,34.5059],[-111.7447,34.5124],[-111.7237,34.5036],[-111.6996,34.4861],[-111.6553,34.5145],[-111.6372,34.5055],[-111.632,34.4992],[-111.6223,34.4989],[-111.6084,34.5078],[-111.5976,34.5082],[-111.5922,34.5109],[-111.5973,34.5173],[-111.5959,34.5229],[-111.5863,34.5258],[-111.589,34.5286],[-111.5861,34.5345],[-111.5749,34.5395],[-111.563,34.5351],[-111.5533,34.5365],[-111.5521,34.8025],[-111.6856,34.8035],[-111.6862,34.7976],[-111.692,34.7924],[-111.6882,34.7854],[-111.6929,34.7785],[-111.6988,34.7771],[-111.7196,34.7616],[-111.7345,34.7606],[-111.7612,34.7495],[-111.7654,34.7419],[-111.7731,34.7378],[-111.7747,34.7307],[-111.7838,34.7385],[-111.8016,34.734],[-111.8125,34.7264],[-111.8215,34.7089],[-111.8376,34.6951],[-111.8646,34.6891],[-111.8748,34.6713],[-111.8914,34.6653],[-111.8917,34.6612]]]},"properties":{"ZCTA5":"86335","CENTLAT":"+34.6521009","CENTLON":"-111.6804641"}},{"type":"Feature","geometry":{"type":"Polygon","coordinates":[[[-111.059,33.3114],[-111.0483,33.3063],[-111.0507,33.3044],[-111.0483,33.2924],[-110.9641,33.2928],[-110.9642,33.2787],[-110.9555,33.2791],[-110.9447,33.2473],[-110.9314,33.2487],[-110.9038,33.2584],[-110.8911,33.2571],[-110.8822,33.2638],[-110.8668,33.2665],[-110.8588,33.2726],[-110.8594,33.2773],[-110.8644,33.2777],[-110.8636,33.2839],[-110.8724,33.2987],[-110.8607,33.3789],[-110.844,33.3789],[-110.8507,33.3868],[-110.849,33.3903],[-110.854,33.3937],[-110.8431,33.3924],[-110.8391,33.4021],[-110.8297,33.4007],[-110.8234,33.4036],[-110.8286,33.4045],[-110.8279,33.4136],[-110.8153,33.4126],[-110.813,33.4149],[-110.8158,33.4189],[-110.8127,33.4194],[-110.8094,33.4292],[-110.8257,33.4216],[-110.8324,33.4414],[-110.8299,33.4224],[-110.8433,33.4224],[-110.8432,33.4278],[-110.8488,33.4313],[-110.8468,33.4326],[-110.8486,33.4369],[-110.8558,33.4268],[-110.8693,33.4262],[-110.8814,33.4208],[-110.8907,33.4114],[-110.9003,33.4106],[-110.9101,33.4049],[-110.9144,33.3822],[-110.9241,33.372],[-110.9722,33.359],[-110.9648,33.3519],[-110.9692,33.3441],[-110.9746,33.3418],[-110.9863,33.3642],[-110.9981,33.3638],[-110.9977,33.368],[-111.0052,33.377],[-111.0094,33.3604],[-111.0241,33.3551],[-111.0313,33.3305],[-111.0415,33.3205],[-111.0533,33.3155],[-111.0511,33.3204],[-111.059,33.3114]],[[-110.8524,33.4086],[-110.8408,33.4122],[-110.8386,33.4049],[-110.8476,33.4093],[-110.847,33.4021],[-110.8492,33.4015],[-110.8524,33.4086]]]},"properties":{"ZCTA5":"85539","CENTLAT":"+33.3328299","CENTLON":"-110.9288125"}},{"type":"Feature","geometry":{"type":"Polygon","coordinates":[[[-112.358,33.4855],[-112.3553,33.4789],[-112.3409,33.4788],[-112.341,33.4577],[-112.2725,33.4614],[-112.2724,33.4938],[-112.3196,33.4934],[-112.3196,33.4967],[-112.3238,33.4968],[-112.3239,33.5039],[-112.3281,33.504],[-112.328,33.4933],[-112.3409,33.4933],[-112.3409,33.4847],[-112.358,33.4855]]]},"properties":{"ZCTA5":"85392","CENTLAT":"+33.4771257","CENTLON":"-112.3098313"}},{"type":"Feature","geometry":{"type":"Polygon","coordinates":[[[-111.7897,33.2775],[-111.7896,33.2738],[-111.7749,33.2739],[-111.7816,33.263],[-111.7554,33.2631],[-111.7553,33.2705],[-111.7527,33.2705],[-111.7379,33.2704],[-111.7379,33.2631],[-111.7336,33.2611],[-111.6862,33.2665],[-111.6858,33.2628],[-111.6862,33.2885],[-111.6986,33.2888],[-111.7006,33.2926],[-111.7463,33.2938],[-111.758,33.2914],[-111.7601,33.2942],[-111.7855,33.292],[-111.7853,33.2882],[-111.7897,33.286],[-111.7897,33.2775]]]},"properties":{"ZCTA5":"85297","CENTLAT":"+33.2784321","CENTLON":"-111.7363563"}},{"type":"Feature","geometry":{"type":"Polygon","coordinates":[[[-111.7901,33.3067],[-111.7897,33.286],[-111.7853,33.2882],[-111.7855,33.292],[-111.7601,33.2942],[-111.758,33.2914],[-111.7463,33.2938],[-111.7014,33.2926],[-111.6953,33.2879],[-111.6864,33.2885],[-111.6891,33.3052],[-111.6869,33.3217],[-111.721,33.3192],[-111.7212,33.3214],[-111.7898,33.3209],[-111.7901,33.3067]]]},"properties":{"ZCTA5":"85295","CENTLAT":"+33.3064012","CENTLON":"-111.7380160"}},{"type":"Feature","geometry":{"type":"Polygon","coordinates":[[[-112.2455,33.4076],[-112.2455,33.4027],[-112.2393,33.4027],[-112.2393,33.3991],[-112.2369,33.399],[-112.2369,33.3919],[-112.22,33.3918],[-112.2201,33.3964],[-112.2127,33.3975],[-112.2127,33.4013],[-112.1923,33.4003],[-112.192,33.4082],[-112.1521,33.4138],[-112.1519,33.4621],[-112.1604,33.4626],[-112.16,33.466],[-112.1777,33.466],[-112.1776,33.4627],[-112.2296,33.4627],[-112.2292,33.4655],[-112.2382,33.4653],[-112.2384,33.4518],[-112.2213,33.4517],[-112.2213,33.4444],[-112.2383,33.4408],[-112.2379,33.4084],[-112.2455,33.4076]]]},"properties":{"ZCTA5":"85043","CENTLAT":"+33.4323114","CENTLON":"-112.1974439"}},{"type":"Feature","geometry":{"type":"Polygon","coordinates":[[[-111.9783,33.5975],[-111.9779,33.5827],[-111.9686,33.5827],[-111.9653,33.579],[-111.9649,33.5827],[-111.9217,33.5821],[-111.9216,33.5894],[-111.926,33.5894],[-111.926,33.6007],[-111.9221,33.604],[-111.926,33.604],[-111.9221,33.6257],[-111.9257,33.6258],[-111.9224,33.6264],[-111.922,33.633],[-111.9168,33.633],[-111.9166,33.6363],[-111.9385,33.6404],[-111.9774,33.6563],[-111.9753,33.6413],[-111.9776,33.6406],[-111.9747,33.6406],[-111.9778,33.638],[-111.9778,33.6274],[-111.9752,33.6268],[-111.9778,33.6261],[-111.9779,33.6137],[-111.9752,33.6129],[-111.9779,33.6116],[-111.9758,33.5973],[-111.9783,33.5975]]]},"properties":{"ZCTA5":"85254","CENTLAT":"+33.6147088","CENTLON":"-111.9517274"}},{"type":"Feature","geometry":{"type":"Polygon","coordinates":[[[-111.9578,33.4796],[-111.9428,33.4802],[-111.9386,33.4729],[-111.939,33.4765],[-111.9348,33.4766],[-111.9331,33.4803],[-111.8899,33.4804],[-111.8876,33.502],[-111.8918,33.5021],[-111.8918,33.5089],[-111.9433,33.5084],[-111.952,33.5026],[-111.952,33.4875],[-111.949,33.4826],[-111.9578,33.4796]],[[-111.9106,33.5085],[-111.9098,33.5089],[-111.9098,33.5061],[-111.9106,33.5085]]]},"properties":{"ZCTA5":"85251","CENTLAT":"+33.4940495","CENTLON":"-111.9202845"}},{"type":"Feature","geometry":{"type":"Polygon","coordinates":[[[-112.3635,33.3888],[-112.3572,33.386],[-112.3572,33.3777],[-112.3228,33.3775],[-112.3234,33.3739],[-112.3319,33.3739],[-112.332,33.37],[-112.3408,33.37],[-112.3407,33.3628],[-112.3062,33.3626],[-112.3061,33.3806],[-112.3188,33.3809],[-112.319,33.3845],[-112.323,33.3845],[-112.3233,33.4014],[-112.3209,33.4042],[-112.3237,33.4205],[-112.2896,33.421],[-112.2897,33.4282],[-112.3023,33.4289],[-112.3023,33.4355],[-112.2938,33.4355],[-112.2897,33.4321],[-112.2898,33.4499],[-112.2725,33.4502],[-112.2725,33.4614],[-112.341,33.4577],[-112.3411,33.4499],[-112.3539,33.4498],[-112.3498,33.4426],[-112.3539,33.4426],[-112.354,33.4353],[-112.3583,33.4353],[-112.3579,33.4251],[-112.3499,33.4289],[-112.3579,33.4247],[-112.3573,33.392],[-112.3635,33.3888]]]},"properties":{"ZCTA5":"85323","CENTLAT":"+33.4188545","CENTLON":"-112.3261310"}},{"type":"Feature","geometry":{"type":"Polygon","coordinates":[[[-112.4529,33.8546],[-112.4462,33.8481],[-112.4482,33.8328],[-112.444,33.817],[-112.4477,33.8079],[-112.4392,33.7822],[-112.3948,33.7821],[-112.398,33.7719],[-112.3867,33.7615],[-112.387,33.7531],[-112.3602,33.7531],[-112.3599,33.6967],[-112.3209,33.6989],[-112.3159,33.7024],[-112.3108,33.7136],[-112.3033,33.7136],[-112.29,33.7107],[-112.2927,33.7003],[-112.2897,33.6962],[-112.2898,33.6818],[-112.2204,33.6816],[-112.2203,33.6963],[-112.2031,33.6963],[-112.2016,33.7675],[-112.2063,33.7764],[-112.206,33.7978],[-112.2266,33.7979],[-112.2388,33.8025],[-112.242,33.8049],[-112.2358,33.8268],[-112.2493,33.8269],[-112.221,33.8613],[-112.2211,33.8993],[-112.2645,33.8991],[-112.2767,33.8921],[-112.2762,33.8825],[-112.4279,33.9207],[-112.4296,33.8545],[-112.4529,33.8546]]]},"properties":{"ZCTA5":"85383","CENTLAT":"+33.8029378","CENTLON":"-112.3173433"}},{"type":"Feature","geometry":{"type":"Polygon","coordinates":[[[-112.3342,33.6822],[-112.3252,33.6822],[-112.3248,33.65],[-112.3163,33.6503],[-112.3158,33.6618],[-112.3121,33.6677],[-112.3078,33.6677],[-112.3078,33.6523],[-112.2985,33.6525],[-112.3015,33.6383],[-112.2594,33.638],[-112.2593,33.6526],[-112.2724,33.6526],[-112.2725,33.6671],[-112.29,33.6672],[-112.2897,33.6962],[-112.2927,33.7005],[-112.29,33.7107],[-112.3108,33.7136],[-112.318,33.7004],[-112.334,33.6983],[-112.3342,33.6822]]]},"properties":{"ZCTA5":"85373","CENTLAT":"+33.6725358","CENTLON":"-112.2998103"}},{"type":"Feature","geometry":{"type":"Polygon","coordinates":[[[-112.1005,33.3486],[-112.1004,33.3051],[-112.0836,33.3051],[-112.0836,33.3197],[-112.0491,33.3196],[-112.0488,33.356],[-112.0402,33.356],[-112.0402,33.363],[-112.0318,33.3634],[-112.0315,33.3667],[-112.0144,33.3677],[-112.0144,33.3707],[-111.9969,33.3708],[-111.997,33.3635],[-111.9762,33.3636],[-111.9761,33.3709],[-111.9843,33.3709],[-111.9842,33.3745],[-111.9875,33.3752],[-111.9784,33.3766],[-111.9784,33.3936],[-111.9935,33.3927],[-111.9955,33.396],[-111.9955,33.3927],[-112.0041,33.3926],[-112.0063,33.3889],[-112.0168,33.3938],[-112.0755,33.3923],[-112.0732,33.3578],[-112.0919,33.3558],[-112.0921,33.3486],[-112.1005,33.3486]]]},"properties":{"ZCTA5":"85042","CENTLAT":"+33.3591131","CENTLON":"-112.0494883"}},{"type":"Feature","geometry":{"type":"Polygon","coordinates":[[[-112.1458,33.3047],[-112.1479,33.3046],[-112.1338,33.2903],[-112.0835,33.2905],[-112.0767,33.305],[-112.0689,33.3089],[-112.0836,33.3197],[-112.0836,33.3051],[-112.1458,33.3047]]]},"properties":{"ZCTA5":"85045","CENTLAT":"+33.2997644","CENTLON":"-112.1061730"}},{"type":"Feature","geometry":{"type":"Polygon","coordinates":[[[-111.1946,35.1454],[-111.1896,35.1314],[-111.1837,35.1292],[-111.1851,35.1268],[-111.1821,35.125],[-111.1825,35.1089],[-111.1671,35.0962],[-111.1656,35.0784],[-111.1606,35.0684],[-111.1529,35.0706],[-111.1405,35.0868],[-111.1312,35.0894],[-111.1181,35.0857],[-111.1107,35.0881],[-111.0712,35.0713],[-111.065,35.0721],[-111.0336,35.054],[-111.0345,35.0412],[-111.0313,35.0362],[-111.0359,35.0274],[-111.0278,35.0206],[-111.0365,35.0183],[-111.0336,35.0092],[-111.0198,34.9947],[-111.0061,34.9859],[-110.9458,34.9794],[-110.9352,34.9752],[-110.9053,34.9752],[-110.8742,34.9898],[-110.8617,34.9896],[-110.8575,34.978],[-110.8406,34.9596],[-110.8196,34.9477],[-110.8007,34.9293],[-110.7507,34.9569],[-110.7507,34.6367],[-110.6986,34.637],[-110.6986,34.6399],[-110.6345,34.6897],[-110.6032,34.7052],[-110.5969,34.7128],[-110.5786,34.7226],[-110.5733,34.7293],[-110.5785,34.7342],[-110.5719,34.7402],[-110.5616,34.74],[-110.5463,34.7537],[-110.5394,34.7467],[-110.5387,34.7416],[-110.5055,34.7421],[-110.5055,34.7504],[-110.4875,34.7494],[-110.4862,34.9578],[-110.4793,34.961],[-110.4501,34.9598],[-110.4499,34.9705],[-110.5221,34.9749],[-110.6098,35.0044],[-110.5976,35.0057],[-110.5844,35.0144],[-110.5782,35.0112],[-110.57,35.0139],[-110.5644,35.0209],[-110.543,35.0258],[-110.5412,35.0287],[-110.5362,35.0271],[-110.5324,35.0328],[-110.5285,35.0283],[-110.5068,35.0308],[-110.4993,35.042],[-110.4998,35.0543],[-110.491,35.0665],[-110.4957,35.0746],[-110.4923,35.0804],[-110.4961,35.0953],[-110.4919,35.0998],[-110.4854,35.1001],[-110.479,35.1031],[-110.4787,35.1062],[-110.4681,35.1093],[-110.4563,35.1219],[-110.4576,35.1239],[-110.4506,35.1323],[-110.4526,35.151],[-110.4442,35.1634],[-110.4463,35.1682],[-110.3679,35.17],[-110.3685,35.2177],[-110.3402,35.2167],[-110.3334,35.2128],[-110.3168,35.2205],[-110.3143,35.2256],[-110.3057,35.2229],[-110.2972,35.2127],[-110.288,35.21],[-110.2959,35.2201],[-110.2969,35.2263],[-110.2795,35.2254],[-110.2702,35.2111],[-110.2763,35.1972],[-110.2762,35.1707],[-110.2361,35.2059],[-110.205,35.2203],[-110.2103,35.2293],[-110.205,35.2462],[-110.177,35.2717],[-110.1769,35.2922],[-110.1832,35.3028],[-110.1912,35.3047],[-110.1912,35.344],[-110.2156,35.3439],[-110.2145,35.3514],[-110.2203,35.3579],[-110.224,35.36],[-110.238,35.3533],[-110.2404,35.3592],[-110.2244,35.3657],[-110.2202,35.3638],[-110.2056,35.3755],[-110.2068,35.3798],[-110.1651,35.381],[-110.1602,35.389],[-110.1544,35.3903],[-110.1482,35.3983],[-110.1411,35.4012],[-110.1502,35.4139],[-110.1411,35.4369],[-110.1645,35.4474],[-110.1618,35.4337],[-110.1644,35.4322],[-110.1795,35.4371],[-110.1893,35.435],[-110.1937,35.4287],[-110.1984,35.4337],[-110.21,35.4355],[-110.2269,35.4305],[-110.2252,35.426],[-110.229,35.425],[-110.2311,35.3922],[-110.2508,35.4377],[-110.2699,35.446],[-110.2647,35.4549],[-110.2669,35.4686],[-110.2631,35.4845],[-110.2127,35.4885],[-110.2286,35.4707],[-110.2242,35.4751],[-110.2145,35.4771],[-110.2083,35.4698],[-110.2006,35.4729],[-110.1932,35.4713],[-110.1902,35.4952],[-110.1839,35.492],[-110.1705,35.4955],[-110.1641,35.494],[-110.1781,35.5066],[-110.2012,35.5086],[-110.2225,35.5202],[-110.2376,35.5195],[-110.2501,35.514],[-110.2505,35.5187],[-110.7231,35.5199],[-110.7231,35.5],[-110.7507,35.5],[-110.7507,35.5171],[-110.765,35.5084],[-110.7715,35.5143],[-110.7811,35.5159],[-110.7908,35.5081],[-110.8079,35.504],[-110.826,35.4851],[-110.8342,35.4719],[-110.8387,35.4572],[-110.8475,35.4512],[-110.8482,35.4358],[-110.8664,35.4479],[-110.8776,35.4439],[-110.8597,35.4323],[-110.8534,35.4328],[-110.8452,35.4272],[-110.8501,35.4251],[-110.8655,35.3842],[-110.8668,35.3611],[-110.8878,35.3492],[-110.8941,35.3757],[-110.8923,35.3869],[-110.9004,35.3976],[-110.8986,35.4064],[-110.9066,35.405],[-110.9112,35.4227],[-110.9367,35.4028],[-110.9398,35.4069],[-110.9427,35.4061],[-110.9505,35.3979],[-110.9597,35.3958],[-110.9715,35.3853],[-110.9431,35.3611],[-110.9496,35.3561],[-110.933,35.3363],[-110.9348,35.3284],[-110.9483,35.3068],[-110.9273,35.3097],[-110.844,35.3072],[-110.8321,35.2582],[-110.8353,35.2539],[-110.851,35.2622],[-110.854,35.2596],[-110.8598,35.2624],[-110.8611,35.2593],[-110.8682,35.259],[-110.8725,35.2625],[-110.8664,35.2599],[-110.8633,35.2643],[-110.8657,35.2662],[-110.861,35.2711],[-110.8837,35.273],[-110.8851,35.276],[-110.9009,35.2777],[-110.9042,35.2818],[-110.9041,35.2778],[-110.908,35.2758],[-110.9042,35.2762],[-110.9039,35.2654],[-110.9082,35.263],[-110.9133,35.2706],[-110.9176,35.2699],[-110.9152,35.2745],[-110.9198,35.2758],[-110.9221,35.2723],[-110.9276,35.2717],[-110.9151,35.2801],[-110.9176,35.2868],[-110.9402,35.282],[-110.9622,35.2839],[-110.9612,35.2809],[-110.9802,35.2777],[-110.9717,35.2659],[-110.9805,35.2527],[-110.9811,35.2448],[-110.9634,35.2452],[-110.9612,35.2428],[-110.9955,35.2229],[-110.9941,35.2182],[-110.999,35.2077],[-110.9952,35.2022],[-110.997,35.1948],[-110.9943,35.1913],[-110.9684,35.1887],[-110.9851,35.1817],[-110.9755,35.1743],[-110.9837,35.1685],[-111.0032,35.1641],[-111.0069,35.1566],[-111.18,35.1566],[-111.1908,35.1525],[-111.1946,35.1454]]]},"properties":{"ZCTA5":"86047","CENTLAT":"+35.1814653","CENTLON":"-110.6382383"}},{"type":"Feature","geometry":{"type":"Polygon","coordinates":[[[-113.0007,34.4648],[-112.9845,34.4533],[-112.977,34.4542],[-112.9759,34.4507],[-112.9635,34.444],[-112.9389,34.4444],[-112.9172,34.4316],[-112.9139,34.4247],[-112.9063,34.4246],[-112.913,34.4166],[-112.9181,34.4165],[-112.9303,34.3964],[-112.913,34.369],[-112.9059,34.3675],[-112.8921,34.3693],[-112.8899,34.3724],[-112.8816,34.37],[-112.8582,34.3758],[-112.846,34.3741],[-112.8234,34.3773],[-112.824,34.2433],[-112.783,34.2433],[-112.7788,34.2526],[-112.7425,34.2533],[-112.7272,34.2658],[-112.7365,34.246],[-112.7366,34.2163],[-112.7488,34.2113],[-112.7291,34.1998],[-112.7271,34.1926],[-112.7186,34.2026],[-112.7184,34.2433],[-112.669,34.2432],[-112.6534,34.255],[-112.6444,34.271],[-112.6257,34.2792],[-112.6184,34.2776],[-112.6211,34.1126],[-112.5168,34.113],[-112.5163,34.0316],[-112.4878,34.0132],[-112.4766,34.0145],[-112.4673,34.0092],[-112.4483,34.0169],[-112.4379,34.0149],[-112.4371,34.0243],[-112.4263,34.0255],[-112.4278,34.0375],[-112.4349,34.0435],[-112.4349,34.0524],[-112.431,34.0626],[-112.4329,34.0644],[-112.4288,34.0718],[-112.4214,34.0759],[-112.4188,34.0882],[-112.42,34.0913],[-112.4287,34.0905],[-112.427,34.1054],[-112.4316,34.1039],[-112.4419,34.1146],[-112.4387,34.1207],[-112.4302,34.1214],[-112.4281,34.1243],[-112.4328,34.1297],[-112.4308,34.1319],[-112.4353,34.1361],[-112.4357,34.1417],[-112.43,34.1445],[-112.4276,34.1516],[-112.4217,34.1531],[-112.421,34.1575],[-112.4139,34.1574],[-112.4138,34.1618],[-112.4001,34.1701],[-112.399,34.1767],[-112.4059,34.1904],[-112.4028,34.198],[-112.4035,34.2076],[-112.3994,34.2109],[-112.3944,34.2249],[-112.3903,34.227],[-112.3904,34.2305],[-112.3776,34.2305],[-112.3775,34.2905],[-112.3732,34.3053],[-112.3763,34.3097],[-112.3697,34.3155],[-112.3667,34.3245],[-112.3771,34.341],[-112.3778,34.3568],[-112.3866,34.3607],[-112.3868,34.366],[-112.3903,34.3672],[-112.3949,34.3767],[-112.4015,34.3802],[-112.41,34.3769],[-112.4159,34.3924],[-112.423,34.3955],[-112.4289,34.4055],[-112.4349,34.405],[-112.439,34.4123],[-112.4492,34.4103],[-112.4479,34.4185],[-112.4617,34.4216],[-112.4674,34.4267],[-112.4753,34.427],[-112.4876,34.4501],[-112.4842,34.4511],[-112.4852,34.453],[-112.4968,34.4547],[-112.497,34.4516],[-112.5003,34.4522],[-112.4984,34.4479],[-112.5032,34.4486],[-112.502,34.4449],[-112.5084,34.4439],[-112.5219,34.4523],[-112.5238,34.4592],[-112.5246,34.4536],[-112.5394,34.4547],[-112.538,34.4504],[-112.5484,34.4431],[-112.544,34.4351],[-112.5452,34.4301],[-112.5526,34.429],[-112.556,34.4247],[-112.5619,34.4255],[-112.5869,34.4443],[-112.5982,34.4439],[-112.6037,34.4467],[-112.6149,34.442],[-112.6246,34.4419],[-112.6562,34.4261],[-112.6931,34.4319],[-112.7007,34.4212],[-112.7103,34.4172],[-112.7021,34.421],[-112.6959,34.4321],[-112.7296,34.4326],[-112.7333,34.4227],[-112.7429,34.4162],[-112.7518,34.4158],[-112.7581,34.4236],[-112.7715,34.4287],[-112.7818,34.4398],[-112.791,34.441],[-112.7929,34.4372],[-112.7964,34.4379],[-112.7961,34.4545],[-112.8037,34.4681],[-112.8161,34.4781],[-112.8129,34.491],[-112.8192,34.499],[-112.8159,34.5032],[-112.8501,34.5032],[-112.8551,34.4926],[-112.8768,34.4993],[-112.8842,34.4863],[-112.8884,34.4898],[-112.89,34.4988],[-112.9235,34.5087],[-112.934,34.5162],[-112.935,34.5208],[-112.9427,34.5245],[-112.9592,34.527],[-112.9726,34.5246],[-112.9823,34.4951],[-112.9867,34.4895],[-112.9883,34.4793],[-112.9859,34.4762],[-112.9918,34.4661],[-113.0007,34.4648]],[[-112.6185,34.3163],[-112.6181,34.3161],[-112.6184,34.3159],[-112.6185,34.3163]]]},"properties":{"ZCTA5":"86332","CENTLAT":"+34.3039994","CENTLON":"-112.6178504"}},{"type":"Feature","geometry":{"type":"Polygon","coordinates":[[[-111.7926,32.5129],[-111.7925,32.5066],[-111.5693,32.5068],[-111.5693,32.5014],[-111.4773,32.5013],[-111.4745,32.5049],[-111.4762,32.509],[-111.4657,32.5206],[-111.4658,32.5593],[-111.4179,32.559],[-111.4219,32.5595],[-111.424,32.5667],[-111.4154,32.5703],[-111.4149,32.5762],[-111.407,32.5703],[-111.3979,32.5703],[-111.3978,32.5823],[-111.4034,32.5886],[-111.4309,32.5887],[-111.4485,32.6023],[-111.4485,32.6068],[-111.4652,32.6073],[-111.4655,32.6037],[-111.4655,32.6148],[-111.4995,32.6176],[-111.499,32.6908],[-111.5162,32.6908],[-111.5159,32.7196],[-111.5111,32.7217],[-111.5167,32.725],[-111.5159,32.7271],[-111.4988,32.7174],[-111.4987,32.7199],[-111.4644,32.7197],[-111.4644,32.7267],[-111.4476,32.7269],[-111.4476,32.7192],[-111.4327,32.7074],[-111.4259,32.714],[-111.426,32.7543],[-111.4237,32.7548],[-111.4256,32.8066],[-111.4131,32.8163],[-111.4294,32.8208],[-111.4285,32.8355],[-111.4311,32.8356],[-111.4374,32.8233],[-111.4643,32.8347],[-111.5107,32.8359],[-111.5107,32.8488],[-111.515,32.8513],[-111.5325,32.8504],[-111.5325,32.8359],[-111.6195,32.8357],[-111.6196,32.8212],[-111.6312,32.8213],[-111.6368,32.8284],[-111.6385,32.8212],[-111.6668,32.8213],[-111.686,32.8333],[-111.6798,32.8067],[-111.671,32.8049],[-111.671,32.785],[-111.6539,32.7848],[-111.6514,32.7775],[-111.6539,32.7775],[-111.654,32.7706],[-111.6363,32.7702],[-111.637,32.7485],[-111.6199,32.7485],[-111.6202,32.7195],[-111.6549,32.7193],[-111.6549,32.6972],[-111.6657,32.6973],[-111.6379,32.6755],[-111.6547,32.6754],[-111.6548,32.6461],[-111.672,32.6461],[-111.672,32.6227],[-111.697,32.6225],[-111.7074,32.6039],[-111.7242,32.5937],[-111.7242,32.5756],[-111.7327,32.5756],[-111.737,32.5647],[-111.7584,32.5645],[-111.7586,32.5601],[-111.7759,32.5604],[-111.777,32.5682],[-111.7923,32.568],[-111.7926,32.5129]]]},"properties":{"ZCTA5":"85131","CENTLAT":"+32.6553299","CENTLON":"-111.5765335"}},{"type":"Feature","geometry":{"type":"Polygon","coordinates":[[[-112.749,33.4841],[-112.7296,33.4782],[-112.7301,33.4648],[-112.7123,33.4648],[-112.7296,33.4647],[-112.7295,33.4511],[-112.6218,33.4273],[-112.607,33.4286],[-112.5565,33.4448],[-112.5566,33.4588],[-112.5477,33.4575],[-112.5477,33.461],[-112.5422,33.4645],[-112.4788,33.4647],[-112.4788,33.4623],[-112.4615,33.4618],[-112.4615,33.4647],[-112.4702,33.4647],[-112.4702,33.4774],[-112.4788,33.4792],[-112.4788,33.4937],[-112.4965,33.4942],[-112.498,33.5225],[-112.5208,33.5225],[-112.5307,33.518],[-112.5308,33.4754],[-112.5373,33.4755],[-112.5373,33.4792],[-112.5459,33.4792],[-112.5459,33.4756],[-112.5605,33.4759],[-112.561,33.4829],[-112.5697,33.4813],[-112.5783,33.4925],[-112.5896,33.4927],[-112.6132,33.5087],[-112.6228,33.504],[-112.6263,33.497],[-112.6358,33.5],[-112.6344,33.505],[-112.6375,33.5082],[-112.6433,33.5079],[-112.6416,33.4821],[-112.6288,33.4645],[-112.6777,33.4647],[-112.678,33.5555],[-112.6864,33.5752],[-112.6866,33.6251],[-112.6914,33.6395],[-112.6258,33.6388],[-112.6258,33.6533],[-112.6085,33.6533],[-112.6085,33.6603],[-112.6116,33.6606],[-112.5695,33.6607],[-112.5558,33.6824],[-112.5488,33.6824],[-112.5613,33.6996],[-112.5761,33.6902],[-112.6018,33.6897],[-112.6431,33.6767],[-112.6772,33.6756],[-112.6931,33.6678],[-112.6972,33.6707],[-112.6991,33.6689],[-112.7033,33.6587],[-112.7124,33.6528],[-112.7125,33.6427],[-112.7051,33.6549],[-112.6935,33.667],[-112.6899,33.6669],[-112.6933,33.6668],[-112.705,33.6547],[-112.7125,33.6395],[-112.7232,33.6394],[-112.7283,33.6318],[-112.7347,33.5835],[-112.7411,33.5771],[-112.7375,33.5644],[-112.7408,33.5584],[-112.7458,33.5232],[-112.7408,33.5099],[-112.749,33.4841]]]},"properties":{"ZCTA5":"85396","CENTLAT":"+33.5375810","CENTLON":"-112.6463259"}},{"type":"Feature","geometry":{"type":"Polygon","coordinates":[[[-112.3575,34.4684],[-112.3539,34.461],[-112.3148,34.4569],[-112.2961,34.46],[-112.2864,34.4569],[-112.2806,34.46],[-112.2836,34.4639],[-112.2801,34.4661],[-112.2823,34.4703],[-112.269,34.47],[-112.2676,34.4659],[-112.254,34.4846],[-112.2032,34.4844],[-112.2052,34.4997],[-112.2028,34.4996],[-112.2118,34.5044],[-112.2296,34.5026],[-112.2278,34.5068],[-112.2314,34.5134],[-112.2465,34.511],[-112.2497,34.5155],[-112.2716,34.5173],[-112.2747,34.5137],[-112.2819,34.5139],[-112.2858,34.4996],[-112.3053,34.4841],[-112.3155,34.4799],[-112.333,34.4813],[-112.3575,34.4684]]]},"properties":{"ZCTA5":"86329","CENTLAT":"+34.4858879","CENTLON":"-112.2766368"}},{"type":"Feature","geometry":{"type":"Polygon","coordinates":[[[-110.9612,32.3571],[-110.9435,32.3554],[-110.9432,32.3518],[-110.9271,32.3517],[-110.9272,32.3446],[-110.9102,32.3446],[-110.9095,32.3372],[-110.8241,32.3378],[-110.824,32.3232],[-110.8096,32.3233],[-110.8223,32.3089],[-110.7341,32.3091],[-110.7213,32.3115],[-110.7192,32.3093],[-110.7122,32.3121],[-110.7061,32.3248],[-110.6961,32.3296],[-110.6907,32.338],[-110.6523,32.3383],[-110.6514,32.2612],[-110.638,32.2713],[-110.6301,32.2911],[-110.6234,32.2937],[-110.6187,32.3031],[-110.601,32.3076],[-110.5976,32.3023],[-110.5863,32.3033],[-110.5608,32.313],[-110.5525,32.3132],[-110.5532,32.3696],[-110.5707,32.3696],[-110.5706,32.3844],[-110.5876,32.3844],[-110.5877,32.3989],[-110.6046,32.3988],[-110.6047,32.4421],[-110.6218,32.442],[-110.6217,32.4565],[-110.6387,32.4567],[-110.6388,32.471],[-110.6957,32.471],[-110.6956,32.4887],[-110.6866,32.4888],[-110.6822,32.4978],[-110.6688,32.4883],[-110.6565,32.49],[-110.6582,32.4915],[-110.6391,32.4954],[-110.5979,32.5127],[-110.5842,32.5138],[-110.7857,32.5138],[-110.7814,32.5045],[-110.7837,32.5],[-110.7814,32.4923],[-110.789,32.4881],[-110.7913,32.4808],[-110.795,32.4792],[-110.7976,32.4691],[-110.8121,32.447],[-110.8121,32.4405],[-110.8761,32.4631],[-110.876,32.4386],[-110.8929,32.4385],[-110.8931,32.4098],[-110.9102,32.4099],[-110.9108,32.3951],[-110.9273,32.395],[-110.9269,32.3803],[-110.9612,32.3805],[-110.9612,32.3571]]]},"properties":{"ZCTA5":"85619","CENTLAT":"+32.3957442","CENTLON":"-110.7366656"}},{"type":"Feature","geometry":{"type":"Polygon","coordinates":[[[-112.2639,33.5951],[-112.2551,33.5925],[-112.2552,33.5953],[-112.2027,33.5963],[-112.2025,33.6258],[-112.2112,33.6269],[-112.2114,33.6248],[-112.2149,33.6278],[-112.2117,33.6247],[-112.2348,33.6246],[-112.2395,33.6204],[-112.2403,33.6246],[-112.257,33.6241],[-112.2571,33.6097],[-112.2638,33.6095],[-112.2639,33.5951]]]},"properties":{"ZCTA5":"85381","CENTLAT":"+33.6095642","CENTLON":"-112.2317208"}},{"type":"Feature","geometry":{"type":"Polygon","coordinates":[[[-112.0694,33.4861],[-112.0651,33.4847],[-112.0673,33.4829],[-112.0651,33.4802],[-112.0476,33.4793],[-112.0476,33.5038],[-112.0497,33.5038],[-112.0475,33.5273],[-112.0502,33.5281],[-112.0475,33.5383],[-112.0651,33.5383],[-112.065,33.5274],[-112.0677,33.5256],[-112.065,33.5237],[-112.065,33.5038],[-112.0673,33.5032],[-112.065,33.5025],[-112.0651,33.4865],[-112.0694,33.4861]]]},"properties":{"ZCTA5":"85014","CENTLAT":"+33.5090084","CENTLON":"-112.0566466"}},{"type":"Feature","geometry":{"type":"Polygon","coordinates":[[[-111.8946,33.3565],[-111.8941,33.2924],[-111.8762,33.2873],[-111.8762,33.2914],[-111.8561,33.2915],[-111.8589,33.2952],[-111.8591,33.3097],[-111.8569,33.3107],[-111.8591,33.3106],[-111.8591,33.3224],[-111.8566,33.3249],[-111.8591,33.3351],[-111.8538,33.3351],[-111.8531,33.3381],[-111.859,33.3381],[-111.8591,33.3571],[-111.8946,33.3565]]]},"properties":{"ZCTA5":"85224","CENTLAT":"+33.3235130","CENTLON":"-111.8761619"}},{"type":"Feature","geometry":{"type":"Polygon","coordinates":[[[-112.0308,33.9011],[-112.0305,33.8371],[-112.0261,33.8391],[-112.0304,33.8293],[-112.0283,33.8227],[-112.0305,33.8137],[-112.0216,33.8136],[-112.0216,33.7991],[-112.0025,33.7803],[-112.0197,33.7703],[-112.0242,33.762],[-112.0164,33.7585],[-112.0128,33.7514],[-112.0204,33.7452],[-112.0264,33.7264],[-111.9775,33.7266],[-111.9781,33.7411],[-111.9542,33.7411],[-111.9542,33.7376],[-111.9509,33.7375],[-111.9488,33.7412],[-111.9347,33.7412],[-111.9346,33.7484],[-111.939,33.7484],[-111.939,33.7546],[-111.9346,33.7557],[-111.9347,33.7884],[-111.9455,33.7884],[-111.9477,33.792],[-111.9476,33.7848],[-111.9607,33.7847],[-111.9607,33.799],[-111.9636,33.7993],[-111.9572,33.8096],[-111.9496,33.8074],[-111.952,33.8137],[-111.9438,33.8139],[-111.9437,33.8199],[-111.9391,33.8202],[-111.9391,33.8241],[-111.9261,33.8283],[-111.926,33.8429],[-111.9086,33.8428],[-111.9083,33.8572],[-111.8912,33.8573],[-111.8912,33.9005],[-111.8391,33.9005],[-111.8391,33.8758],[-111.8337,33.8595],[-111.8212,33.8753],[-111.8148,33.8776],[-111.8213,33.8933],[-111.8182,33.8954],[-111.8263,33.9026],[-111.8171,33.905],[-111.8173,33.9331],[-111.8311,33.9496],[-111.8306,33.9548],[-111.8568,33.9636],[-111.863,33.9624],[-111.8624,33.9664],[-111.8737,33.9836],[-111.8701,33.9892],[-111.8747,34.0005],[-111.882,34.0046],[-111.8798,34.0092],[-111.8852,34.0035],[-111.8937,34.0092],[-111.9047,34.0103],[-111.9215,34.0029],[-111.9187,34.007],[-111.9269,34.0091],[-111.9378,34.0048],[-111.9546,34.0096],[-111.9751,33.9958],[-111.996,33.9899],[-111.9957,33.9009],[-112.0308,33.9011]]]},"properties":{"ZCTA5":"85331","CENTLAT":"+33.8868024","CENTLON":"-111.9428006"}},{"type":"Feature","geometry":{"type":"Polygon","coordinates":[[[-110.2114,34.3034],[-110.2053,34.2882],[-110.2099,34.279],[-110.202,34.2646],[-110.2059,34.2557],[-110.2026,34.251],[-110.1927,34.2471],[-110.1894,34.2393],[-110.17,34.2389],[-110.1629,34.2344],[-110.1641,34.2286],[-110.1583,34.222],[-110.1499,34.2215],[-110.1361,34.2136],[-110.1168,34.2132],[-110.1083,34.2019],[-110.087,34.2124],[-110.0767,34.1986],[-110.075,34.1912],[-110.0439,34.2045],[-110.0409,34.198],[-110.036,34.1968],[-110.0314,34.1982],[-110.0302,34.2036],[-110.0246,34.2036],[-110.0246,34.1982],[-110.0202,34.198],[-110.0201,34.1946],[-110.0058,34.1952],[-109.999,34.1897],[-109.9999,34.1789],[-109.9796,34.1771],[-109.9843,34.172],[-109.9804,34.1712],[-109.9723,34.1711],[-109.9769,34.1733],[-109.9768,34.1809],[-109.9721,34.1816],[-109.9727,34.187],[-109.9936,34.1985],[-109.9446,34.1988],[-109.9451,34.2275],[-109.849,34.2276],[-109.8476,34.1872],[-109.8476,34.1965],[-109.8424,34.2],[-109.8408,34.2071],[-109.8117,34.2057],[-109.8012,34.2007],[-109.8036,34.2028],[-109.7993,34.206],[-109.7862,34.2093],[-109.7836,34.2148],[-109.7867,34.221],[-109.7855,34.2269],[-109.7805,34.2315],[-109.7771,34.2451],[-109.7688,34.2479],[-109.7629,34.2398],[-109.7575,34.2404],[-109.7412,34.2546],[-109.7458,34.2622],[-109.7558,34.2597],[-109.7701,34.2632],[-109.7703,34.2673],[-109.7753,34.2686],[-109.7746,34.2721],[-109.7617,34.2731],[-109.7926,34.277],[-109.8226,34.2856],[-109.8374,34.2859],[-109.8287,34.2874],[-109.8308,34.3451],[-109.8482,34.3452],[-109.8484,34.3883],[-109.9554,34.3884],[-109.959,34.3835],[-109.9559,34.3827],[-109.9544,34.3719],[-109.9489,34.3715],[-109.949,34.3623],[-109.9703,34.3594],[-109.9718,34.3633],[-109.9672,34.3628],[-109.9651,34.3726],[-109.9698,34.3693],[-109.9779,34.3692],[-110.0023,34.3879],[-110.0109,34.388],[-110.0221,34.3992],[-110.0433,34.3979],[-110.043,34.4021],[-110.0498,34.4022],[-110.0625,34.4092],[-110.066,34.4049],[-110.0703,34.4061],[-110.0715,34.4162],[-110.0671,34.4231],[-110.0709,34.4259],[-110.0776,34.4246],[-110.0776,34.4175],[-110.0823,34.4175],[-110.0823,34.4138],[-110.0627,34.388],[-110.0697,34.388],[-110.0698,34.382],[-110.1757,34.3823],[-110.1776,34.3873],[-110.1824,34.3712],[-110.1778,34.3683],[-110.1878,34.3588],[-110.1827,34.3484],[-110.1738,34.3427],[-110.1749,34.3388],[-110.1894,34.3319],[-110.1818,34.329],[-110.1822,34.312],[-110.191,34.2989],[-110.2114,34.3034]],[[-110.0334,34.1993],[-110.0312,34.1996],[-110.0322,34.1987],[-110.0334,34.1993]]]},"properties":{"ZCTA5":"85901","CENTLAT":"+34.2934628","CENTLON":"-109.9988070"}},{"type":"Feature","geometry":{"type":"Polygon","coordinates":[[[-111.6197,34.8647],[-111.6028,34.8589],[-111.6026,34.8529],[-111.5886,34.8412],[-111.59,34.8371],[-111.5832,34.8314],[-111.5849,34.8248],[-111.5948,34.8245],[-111.5947,34.8107],[-111.5991,34.8086],[-111.5929,34.8026],[-111.5521,34.8025],[-111.5521,34.7768],[-111.5381,34.7839],[-111.5267,34.7799],[-111.5237,34.7832],[-111.5154,34.7843],[-111.5064,34.7773],[-111.4902,34.7912],[-111.4838,34.7932],[-111.4785,34.7913],[-111.466,34.7946],[-111.4442,34.7892],[-111.4382,34.7984],[-111.4345,34.8141],[-111.4381,34.8389],[-111.4445,34.8391],[-111.4581,34.8551],[-111.4641,34.8723],[-111.4802,34.8879],[-111.4721,34.8938],[-111.4679,34.9025],[-111.4305,34.9066],[-111.4229,34.8923],[-111.4225,34.8826],[-111.4173,34.8821],[-111.4126,34.8657],[-111.3992,34.8573],[-111.3803,34.8599],[-111.3715,34.8561],[-111.3865,34.9965],[-111.3944,35.0057],[-111.4082,35.0126],[-111.4072,35.0224],[-111.4115,35.0214],[-111.4158,35.0143],[-111.4258,35.0177],[-111.4358,35.0291],[-111.4443,35.0278],[-111.4492,35.0236],[-111.4534,35.0282],[-111.451,35.0197],[-111.4539,34.9974],[-111.4484,34.9819],[-111.4648,34.987],[-111.4731,34.9856],[-111.4765,34.9812],[-111.4882,34.9969],[-111.4962,34.998],[-111.5232,34.983],[-111.5256,34.9752],[-111.5286,34.9748],[-111.5399,34.9865],[-111.5497,34.9863],[-111.5751,35.0014],[-111.5761,34.9904],[-111.581,34.987],[-111.5768,34.9847],[-111.577,34.9805],[-111.5834,34.9776],[-111.5919,34.9793],[-111.5948,34.9718],[-111.5929,34.967],[-111.6063,34.9679],[-111.5932,34.9568],[-111.5964,34.9528],[-111.5877,34.941],[-111.5903,34.9359],[-111.5622,34.9186],[-111.5557,34.9056],[-111.5625,34.8915],[-111.5725,34.8891],[-111.587,34.8955],[-111.606,34.8697],[-111.6135,34.8645],[-111.6197,34.8647]]]},"properties":{"ZCTA5":"86038","CENTLAT":"+34.9017846","CENTLON":"-111.4916358"}},{"type":"Feature","geometry":{"type":"Polygon","coordinates":[[[-113.2177,34.7686],[-113.2122,34.7676],[-113.1998,34.7728],[-113.2013,34.767],[-113.1979,34.765],[-113.1972,34.7586],[-113.1876,34.7524],[-113.1768,34.7507],[-113.1708,34.7559],[-113.1632,34.7511],[-113.1482,34.7483],[-113.1451,34.745],[-113.1451,34.7182],[-113.0464,34.7177],[-113.0438,34.7149],[-113.0467,34.7053],[-113.0437,34.7012],[-113.0412,34.708],[-113.0361,34.7091],[-113.0274,34.7047],[-113.0019,34.7226],[-112.995,34.7373],[-112.9781,34.7419],[-112.9747,34.7331],[-112.9631,34.733],[-112.9538,34.7293],[-112.9381,34.7305],[-112.9352,34.7332],[-112.9295,34.73],[-112.9184,34.7358],[-112.8999,34.7303],[-112.8966,34.7324],[-112.8914,34.731],[-112.8895,34.7187],[-112.8677,34.716],[-112.853,34.708],[-112.8503,34.7105],[-112.8516,34.7146],[-112.8442,34.7106],[-112.8243,34.7181],[-112.8151,34.7122],[-112.8114,34.7141],[-112.8065,34.7072],[-112.7998,34.7052],[-112.8016,34.7004],[-112.79,34.6978],[-112.7806,34.6896],[-112.773,34.6948],[-112.7505,34.6956],[-112.7472,34.7021],[-112.7284,34.7186],[-112.6329,34.7188],[-112.6265,34.7131],[-112.6313,34.6901],[-112.6302,34.6751],[-112.6379,34.6592],[-112.6441,34.6262],[-112.6487,34.6188],[-112.6408,34.615],[-112.6252,34.6155],[-112.6248,34.5819],[-112.6295,34.5797],[-112.6248,34.5695],[-112.6245,34.5481],[-112.618,34.5394],[-112.6115,34.5453],[-112.6044,34.5461],[-112.5949,34.5396],[-112.5813,34.539],[-112.5867,34.5328],[-112.5615,34.523],[-112.5611,34.5185],[-112.5553,34.5133],[-112.545,34.5275],[-112.5486,34.5345],[-112.5521,34.5338],[-112.5461,34.5457],[-112.5311,34.5466],[-112.5198,34.5516],[-112.4982,34.5401],[-112.4921,34.544],[-112.4773,34.5412],[-112.4761,34.547],[-112.4829,34.5522],[-112.4802,34.5516],[-112.4832,34.5534],[-112.4821,34.5577],[-112.4866,34.5617],[-112.4822,34.5648],[-112.4814,34.5829],[-112.47,34.5933],[-112.4565,34.5996],[-112.4516,34.6071],[-112.4603,34.6072],[-112.4602,34.6215],[-112.4425,34.6218],[-112.4324,34.6439],[-112.4494,34.7018],[-112.4652,34.7016],[-112.4651,34.7163],[-112.4832,34.7164],[-112.4835,34.731],[-112.5016,34.7308],[-112.5014,34.7161],[-112.5194,34.716],[-112.5194,34.7305],[-112.5286,34.7304],[-112.5286,34.7381],[-112.524,34.7379],[-112.524,34.7452],[-112.5195,34.745],[-112.5193,34.7596],[-112.5378,34.7608],[-112.5372,34.8061],[-112.5184,34.8078],[-112.5216,34.8227],[-112.5317,34.8285],[-112.5271,34.8333],[-112.5215,34.8329],[-112.5224,34.8515],[-112.54,34.8523],[-112.5377,34.8622],[-112.5404,34.8692],[-112.5403,34.8903],[-112.5517,34.8899],[-112.5545,34.8936],[-112.5684,34.8961],[-112.5735,34.8951],[-112.5716,34.8928],[-112.574,34.8917],[-112.5781,34.8956],[-112.5783,34.8905],[-112.5839,34.8928],[-112.6035,34.8752],[-112.6523,34.8853],[-112.6993,34.904],[-112.6996,34.9826],[-112.7325,34.9826],[-112.7326,35.0106],[-112.7511,35.0196],[-112.8051,35.0182],[-112.8137,35.0251],[-112.8369,35.0145],[-112.8403,35.0036],[-112.8524,34.9998],[-112.8711,34.9841],[-112.958,34.9829],[-112.9584,34.9772],[-113.0235,34.9757],[-113.0192,34.9749],[-113.0105,34.9624],[-112.9896,34.9546],[-112.9695,34.9367],[-112.9523,34.9407],[-112.9092,34.9259],[-112.925,34.9172],[-112.9309,34.9097],[-112.9555,34.9014],[-112.979,34.8879],[-112.9798,34.8835],[-112.9764,34.8795],[-112.9576,34.8723],[-112.9604,34.8658],[-112.9556,34.8515],[-112.9596,34.8413],[-112.9686,34.8331],[-112.9744,34.8137],[-112.9639,34.7918],[-112.969,34.7927],[-112.9722,34.7888],[-112.9765,34.7983],[-113.0248,34.8038],[-113.0258,34.8002],[-113.0425,34.797],[-113.0689,34.7956],[-113.0767,34.7987],[-113.0847,34.7918],[-113.0863,34.784],[-113.0909,34.7809],[-113.0901,34.7763],[-113.1035,34.7805],[-113.1229,34.7719],[-113.1191,34.769],[-113.134,34.7646],[-113.1451,34.7665],[-113.1451,34.8032],[-113.1509,34.8009],[-113.16,34.7873],[-113.165,34.7878],[-113.1635,34.7846],[-113.1671,34.7813],[-113.1882,34.7971],[-113.1879,34.8016],[-113.2025,34.7893],[-113.1995,34.7864],[-113.2055,34.7799],[-113.2144,34.7786],[-113.2136,34.7709],[-113.2177,34.7686]]]},"properties":{"ZCTA5":"86305","CENTLAT":"+34.7905690","CENTLON":"-112.7521050"}},{"type":"Feature","geometry":{"type":"Polygon","coordinates":[[[-111.7205,34.1622],[-111.712,34.1511],[-111.477,34.1509],[-111.4928,34.1324],[-111.4788,34.1299],[-111.4812,34.1213],[-111.4743,34.1185],[-111.4708,34.1116],[-111.4854,34.0949],[-111.4812,34.0925],[-111.4754,34.0804],[-111.4638,34.0724],[-111.4607,34.0625],[-111.4621,34.0593],[-111.4719,34.058],[-111.468,34.0477],[-111.472,34.0415],[-111.4829,34.0401],[-111.4857,34.0357],[-111.4926,34.0377],[-111.497,34.0288],[-111.4952,34.0143],[-111.4998,34.0083],[-111.4948,33.9998],[-111.4724,34.0047],[-111.4707,34.0028],[-111.4665,34.0059],[-111.4584,34.0022],[-111.4544,34.0047],[-111.4494,34.0002],[-111.4451,34.0012],[-111.4404,33.9964],[-111.4428,33.9913],[-111.4335,33.9855],[-111.4347,33.9809],[-111.4481,33.9733],[-111.4526,33.9659],[-111.4524,33.961],[-111.448,33.9575],[-111.4523,33.9488],[-111.4472,33.9413],[-111.4471,33.9349],[-111.4522,33.9328],[-111.4493,33.9297],[-111.4516,33.9245],[-111.4495,33.9202],[-111.4375,33.9162],[-111.4259,33.9261],[-111.4054,33.9196],[-111.408,33.9053],[-111.4123,33.9027],[-111.4137,33.8974],[-111.4123,33.8847],[-111.406,33.8806],[-111.389,33.8851],[-111.3488,33.8827],[-111.3403,33.8859],[-111.3157,33.8767],[-111.3099,33.8952],[-111.3047,33.9002],[-111.2874,33.9014],[-111.2833,33.8963],[-111.2749,33.8983],[-111.2667,33.906],[-111.2636,33.9238],[-111.277,33.934],[-111.2845,33.9474],[-111.283,33.9513],[-111.2953,33.9573],[-111.3093,33.9596],[-111.3133,33.9718],[-111.3058,33.9789],[-111.2968,33.9749],[-111.2831,33.9818],[-111.283,33.9874],[-111.2945,33.9874],[-111.2917,33.9931],[-111.2957,33.9982],[-111.2955,34.0062],[-111.2922,34.0101],[-111.2949,34.0189],[-111.2834,34.0211],[-111.2821,34.0253],[-111.2886,34.0339],[-111.2862,34.0418],[-111.292,34.0467],[-111.2941,34.0552],[-111.2856,34.0618],[-111.2872,34.0674],[-111.2833,34.0713],[-111.2865,34.0752],[-111.282,34.08],[-111.2867,34.0851],[-111.2713,34.1037],[-111.2686,34.1211],[-111.2241,34.1388],[-111.2206,34.1482],[-111.2058,34.1466],[-111.205,34.15],[-111.1926,34.149],[-111.1903,34.1539],[-111.1763,34.1598],[-111.1743,34.1647],[-111.168,34.167],[-111.1495,34.2135],[-111.1415,34.2159],[-111.1277,34.2133],[-111.1222,34.2075],[-111.116,34.2114],[-111.1102,34.2084],[-111.1103,34.211],[-111.0965,34.2154],[-111.0907,34.2317],[-111.072,34.2487],[-111.0623,34.2474],[-111.0547,34.2542],[-111.0285,34.2604],[-111.0182,34.2576],[-111.0199,34.255],[-111.0117,34.2459],[-111.0126,34.2379],[-111.0075,34.23],[-111.0002,34.2377],[-110.9873,34.2377],[-110.9829,34.2412],[-110.9756,34.2379],[-110.9695,34.2446],[-110.9611,34.2292],[-110.9566,34.2384],[-110.9507,34.2364],[-110.9478,34.24],[-110.94,34.236],[-110.9388,34.238],[-110.9333,34.2347],[-110.9168,34.2332],[-110.9125,34.229],[-110.9083,34.2297],[-110.9056,34.235],[-110.8912,34.2375],[-110.8939,34.2435],[-110.8882,34.2542],[-110.8532,34.2471],[-110.8579,34.2498],[-110.851,34.2522],[-110.8531,34.2615],[-110.8477,34.2585],[-110.8448,34.2618],[-110.8529,34.27],[-110.865,34.271],[-110.8839,34.2804],[-110.8887,34.2863],[-110.8839,34.2896],[-110.8952,34.2955],[-110.8969,34.3024],[-110.9057,34.3002],[-110.9271,34.3105],[-110.9416,34.3106],[-110.9461,34.3173],[-110.9511,34.3188],[-110.9536,34.3139],[-110.9589,34.3145],[-110.9687,34.3238],[-110.9754,34.3366],[-110.9973,34.3441],[-110.9982,34.3517],[-111.0059,34.3512],[-111.0037,34.3563],[-111.006,34.3611],[-111.0086,34.3624],[-111.0101,34.3585],[-111.0205,34.3617],[-111.0201,34.3732],[-111.0235,34.3724],[-111.0275,34.3634],[-111.0338,34.3625],[-111.0259,34.3538],[-111.0313,34.3496],[-111.0282,34.3464],[-111.0288,34.3413],[-111.0332,34.3409],[-111.0442,34.3429],[-111.0577,34.3551],[-111.0569,34.3604],[-111.0516,34.357],[-111.0415,34.3713],[-111.0375,34.3713],[-111.0406,34.3778],[-111.0443,34.3796],[-111.0534,34.3707],[-111.0515,34.3755],[-111.0543,34.379],[-111.0589,34.3806],[-111.061,34.3773],[-111.077,34.3807],[-111.0754,34.3859],[-111.0802,34.3856],[-111.0796,34.3891],[-111.0865,34.3902],[-111.0845,34.393],[-111.0875,34.395],[-111.0948,34.3933],[-111.0963,34.3966],[-111.102,34.3895],[-111.1116,34.3915],[-111.1104,34.3836],[-111.1211,34.3847],[-111.1213,34.3825],[-111.1277,34.3907],[-111.1295,34.3852],[-111.1351,34.3883],[-111.1434,34.379],[-111.1403,34.3757],[-111.1471,34.3752],[-111.1516,34.379],[-111.1489,34.3848],[-111.1523,34.3884],[-111.1521,34.3943],[-111.1603,34.3999],[-111.161,34.4038],[-111.1703,34.4011],[-111.1729,34.4056],[-111.1778,34.4037],[-111.1782,34.4084],[-111.1832,34.4101],[-111.1951,34.4047],[-111.1985,34.4092],[-111.2096,34.4084],[-111.2117,34.4134],[-111.2146,34.4129],[-111.215,34.4178],[-111.2219,34.4167],[-111.2222,34.4256],[-111.2258,34.4247],[-111.2277,34.4318],[-111.2399,34.4314],[-111.2406,34.4372],[-111.2477,34.4422],[-111.2446,34.4461],[-111.2503,34.4533],[-111.2541,34.4523],[-111.2565,34.4468],[-111.2601,34.4477],[-111.262,34.4428],[-111.2727,34.4445],[-111.2786,34.4383],[-111.287,34.4398],[-111.289,34.436],[-111.2968,34.4372],[-111.3011,34.4325],[-111.3068,34.4341],[-111.3107,34.4268],[-111.313,34.4291],[-111.3207,34.4278],[-111.3279,34.422],[-111.332,34.4249],[-111.3372,34.4221],[-111.3429,34.4251],[-111.3537,34.4245],[-111.3552,34.4298],[-111.3516,34.4323],[-111.3544,34.4349],[-111.3503,34.4401],[-111.3579,34.4399],[-111.3633,34.436],[-111.3669,34.4403],[-111.3768,34.4362],[-111.3801,34.4303],[-111.385,34.4324],[-111.3882,34.4246],[-111.3928,34.4237],[-111.3987,34.4277],[-111.4012,34.4109],[-111.4113,34.408],[-111.4034,34.3978],[-111.3864,34.3977],[-111.3888,34.3909],[-111.3843,34.3907],[-111.3876,34.3875],[-111.379,34.3764],[-111.3785,34.3681],[-111.3721,34.3636],[-111.3719,34.352],[-111.3646,34.3459],[-111.3643,34.3362],[-111.3543,34.3303],[-111.3492,34.3224],[-111.3505,34.3186],[-111.3457,34.3158],[-111.3439,34.3037],[-111.3518,34.3028],[-111.3543,34.297],[-111.3507,34.2943],[-111.3565,34.2972],[-111.362,34.3088],[-111.3761,34.3184],[-111.4002,34.3162],[-111.409,34.3193],[-111.4149,34.3183],[-111.4159,34.3131],[-111.541,34.3659],[-111.5579,34.3945],[-111.6082,34.3915],[-111.6176,34.4032],[-111.6306,34.3973],[-111.6307,34.3932],[-111.6474,34.3931],[-111.6596,34.3863],[-111.6569,34.3677],[-111.6674,34.3479],[-111.6645,34.3421],[-111.6633,34.318],[-111.669,34.3105],[-111.6677,34.3083],[-111.6736,34.3077],[-111.6847,34.2982],[-111.6764,34.2894],[-111.6739,34.2948],[-111.6656,34.2972],[-111.665,34.2865],[-111.6852,34.282],[-111.6801,34.2709],[-111.6761,34.2691],[-111.6816,34.2616],[-111.6901,34.2602],[-111.6903,34.2561],[-111.6969,34.2498],[-111.6981,34.2453],[-111.6939,34.2431],[-111.7007,34.2393],[-111.6978,34.2299],[-111.7038,34.2278],[-111.7052,34.2141],[-111.6957,34.2113],[-111.6899,34.2],[-111.6967,34.1927],[-111.7081,34.1996],[-111.7119,34.1965],[-111.7068,34.1914],[-111.7096,34.1873],[-111.6976,34.1904],[-111.6941,34.1874],[-111.6942,34.182],[-111.7045,34.1822],[-111.7054,34.1758],[-111.7205,34.1622]]]},"properties":{"ZCTA5":"85541","CENTLAT":"+34.2191569","CENTLON":"-111.3439853"}},{"type":"Feature","geometry":{"type":"Polygon","coordinates":[[[-111.591,32.4848],[-111.5908,32.4218],[-111.5793,32.4219],[-111.5789,32.374],[-111.4737,32.3742],[-111.4743,32.216],[-111.2787,32.2193],[-111.2786,32.2914],[-111.2683,32.2918],[-111.2795,32.3167],[-111.2807,32.3309],[-111.284,32.3371],[-111.2871,32.3371],[-111.2871,32.3425],[-111.2913,32.3425],[-111.2912,32.3571],[-111.2795,32.3571],[-111.2795,32.3613],[-111.2699,32.3607],[-111.2702,32.3641],[-111.266,32.366],[-111.2338,32.3662],[-111.2338,32.3735],[-111.2423,32.3734],[-111.2425,32.3868],[-111.251,32.3952],[-111.2432,32.4023],[-111.234,32.4025],[-111.2338,32.3807],[-111.1966,32.3795],[-111.1906,32.3832],[-111.1588,32.3809],[-111.14,32.3745],[-111.1388,32.3791],[-111.1443,32.3955],[-111.1563,32.3954],[-111.1503,32.4018],[-111.1433,32.4031],[-111.1347,32.3992],[-111.1309,32.4011],[-111.1635,32.4245],[-111.1615,32.433],[-111.1762,32.4535],[-111.1903,32.4533],[-111.1829,32.451],[-111.1829,32.4393],[-111.2472,32.4854],[-111.2609,32.5001],[-111.2609,32.5068],[-111.2728,32.5204],[-111.2609,32.5255],[-111.2608,32.5536],[-111.3007,32.5492],[-111.3731,32.5287],[-111.3609,32.5014],[-111.5693,32.5014],[-111.5693,32.5068],[-111.5908,32.5067],[-111.591,32.4848]],[[-111.1573,32.4156],[-111.1545,32.4173],[-111.1498,32.4136],[-111.1573,32.4156]]]},"properties":{"ZCTA5":"85653","CENTLAT":"+32.3897588","CENTLON":"-111.3790903"}},{"type":"Feature","geometry":{"type":"Polygon","coordinates":[[[-110.4249,34.3069],[-110.4173,34.2937],[-110.407,34.2928],[-110.4047,34.2885],[-110.3947,34.2885],[-110.3892,34.2822],[-110.3843,34.2835],[-110.3743,34.2794],[-110.3712,34.2756],[-110.3739,34.2613],[-110.3551,34.2518],[-110.3482,34.2398],[-110.3355,34.2334],[-110.3215,34.2395],[-110.3066,34.2354],[-110.3034,34.2514],[-110.3035,34.2623],[-110.3068,34.2668],[-110.3039,34.2839],[-110.2995,34.2905],[-110.3014,34.2979],[-110.2849,34.3293],[-110.2737,34.3364],[-110.2862,34.3429],[-110.2877,34.3581],[-110.2814,34.3576],[-110.2719,34.3675],[-110.2577,34.3705],[-110.2424,34.3876],[-110.3916,34.3874],[-110.3889,34.3862],[-110.3899,34.3808],[-110.3831,34.3587],[-110.3909,34.3572],[-110.4065,34.3438],[-110.408,34.3391],[-110.4009,34.3385],[-110.4024,34.3347],[-110.4128,34.3163],[-110.4183,34.3176],[-110.4194,34.3085],[-110.4249,34.3069]]]},"properties":{"ZCTA5":"85923","CENTLAT":"+34.3231246","CENTLON":"-110.3403458"}},{"type":"Feature","geometry":{"type":"Polygon","coordinates":[[[-112.3431,33.941],[-112.3419,33.899],[-112.2762,33.8825],[-112.2776,33.8904],[-112.2752,33.8934],[-112.2589,33.905],[-112.243,33.9054],[-112.2407,33.9083],[-112.2429,33.9155],[-112.2351,33.9164],[-112.2316,33.936],[-112.2414,33.9405],[-112.2358,33.9473],[-112.2403,33.9505],[-112.2403,33.9566],[-112.2292,33.9542],[-112.2146,33.9636],[-112.215,33.9671],[-112.1968,33.9739],[-112.1927,33.9919],[-112.1805,34.0036],[-112.1829,34.0125],[-112.1716,34.0178],[-112.1655,34.0126],[-112.1611,34.0177],[-112.1647,34.0363],[-112.1536,34.0409],[-112.1584,34.0438],[-112.1616,34.0423],[-112.1648,34.0482],[-111.8746,34.0165],[-111.8724,34.0198],[-111.8738,34.0308],[-111.8711,34.0312],[-111.8753,34.0391],[-111.8708,34.0497],[-111.8637,34.0552],[-111.8579,34.0542],[-111.8607,34.0601],[-111.8664,34.0621],[-111.8665,34.0661],[-111.8601,34.0678],[-111.8534,34.0795],[-111.8498,34.0795],[-111.8558,34.0867],[-111.8508,34.0875],[-111.8447,34.0985],[-111.8443,34.1042],[-111.8559,34.1276],[-111.845,34.1425],[-111.8219,34.1557],[-111.844,34.1676],[-111.849,34.1728],[-111.8434,34.1758],[-111.8541,34.1809],[-111.8629,34.1901],[-111.8642,34.1966],[-111.8742,34.2021],[-111.8854,34.2027],[-111.8894,34.2118],[-111.9028,34.2127],[-111.9079,34.2097],[-111.9278,34.2116],[-111.9301,34.2071],[-111.9449,34.2057],[-111.9485,34.2103],[-111.9997,34.2318],[-112.0187,34.2318],[-112.0462,34.2386],[-112.0503,34.2466],[-112.0563,34.2445],[-112.0579,34.2475],[-112.0551,34.2532],[-112.0636,34.2569],[-112.0624,34.2631],[-112.0754,34.2671],[-112.0936,34.2665],[-112.0971,34.2632],[-112.1079,34.2681],[-112.1141,34.2754],[-112.1112,34.2667],[-112.1112,34.2371],[-112.1487,34.2385],[-112.1391,34.2241],[-112.1436,34.2103],[-112.1554,34.1965],[-112.1521,34.1947],[-112.1681,34.1903],[-112.1696,34.1837],[-112.1748,34.187],[-112.1788,34.1822],[-112.1839,34.1851],[-112.1904,34.1989],[-112.2021,34.1984],[-112.2035,34.1284],[-112.2957,34.1285],[-112.2839,34.1121],[-112.2695,34.1107],[-112.2616,34.1035],[-112.2672,34.0986],[-112.2656,34.0848],[-112.2678,34.0811],[-112.2656,34.0797],[-112.2709,34.0693],[-112.2693,34.057],[-112.2626,34.0511],[-112.2479,34.0515],[-112.2426,34.0435],[-112.2322,34.0382],[-112.2313,34.0329],[-112.2229,34.0248],[-112.2266,34.0221],[-112.2233,34.0147],[-112.2253,34.0071],[-112.2157,33.9996],[-112.2174,33.9935],[-112.2132,33.9909],[-112.2137,33.986],[-112.275,33.9858],[-112.2706,33.9768],[-112.271,33.9693],[-112.2799,33.9671],[-112.2837,33.9568],[-112.3251,33.9551],[-112.3248,33.9406],[-112.3431,33.941]]]},"properties":{"ZCTA5":"85324","CENTLAT":"+34.1045524","CENTLON":"-112.0710310"}},{"type":"Feature","geometry":{"type":"Polygon","coordinates":[[[-111.583,33.2632],[-111.5827,33.2189],[-111.5284,33.1619],[-111.4921,33.162],[-111.4928,33.1911],[-111.4878,33.1912],[-111.4943,33.2056],[-111.4236,33.206],[-111.4214,33.2124],[-111.4069,33.2261],[-111.3953,33.2441],[-111.3925,33.2439],[-111.3925,33.2493],[-111.3755,33.2495],[-111.3755,33.2848],[-111.3865,33.2928],[-111.4389,33.2931],[-111.4205,33.2986],[-111.4189,33.3038],[-111.412,33.3075],[-111.5432,33.307],[-111.5634,33.3203],[-111.5634,33.2635],[-111.583,33.2632]]]},"properties":{"ZCTA5":"85140","CENTLAT":"+33.2480750","CENTLON":"-111.4892365"}},{"type":"Feature","geometry":{"type":"Polygon","coordinates":[[[-111.9778,34.7328],[-111.9744,34.7317],[-111.9744,34.714],[-111.9702,34.714],[-111.9687,34.7051],[-111.9608,34.7037],[-111.9613,34.6995],[-111.9551,34.6936],[-111.9557,34.6906],[-111.9649,34.6929],[-111.9651,34.686],[-111.9557,34.6818],[-111.9518,34.6739],[-111.9479,34.6737],[-111.9448,34.6795],[-111.9383,34.6747],[-111.9399,34.6592],[-111.8916,34.6587],[-111.8914,34.6653],[-111.8748,34.6714],[-111.8648,34.6889],[-111.8399,34.6934],[-111.8189,34.7129],[-111.8313,34.7268],[-111.8273,34.7386],[-111.8336,34.7439],[-111.8359,34.7517],[-111.8424,34.7536],[-111.847,34.7797],[-111.853,34.7828],[-111.8552,34.789],[-111.8706,34.7917],[-111.8752,34.8031],[-111.8798,34.8037],[-111.8776,34.8055],[-111.8803,34.8092],[-111.8713,34.8134],[-111.8733,34.8213],[-111.8783,34.8228],[-111.8741,34.8244],[-111.8754,34.8342],[-111.8714,34.8337],[-111.8741,34.8386],[-111.8814,34.8348],[-111.8804,34.8389],[-111.8888,34.8364],[-111.9102,34.8063],[-111.9185,34.7886],[-111.9778,34.7328]]]},"properties":{"ZCTA5":"86325","CENTLAT":"+34.7334522","CENTLON":"-111.8988578"}},{"type":"Feature","geometry":{"type":"Polygon","coordinates":[[[-112.0909,34.7047],[-112.0905,34.6513],[-112.0853,34.6556],[-112.0746,34.6523],[-112.0717,34.6555],[-112.0653,34.6542],[-112.0329,34.6663],[-111.9956,34.6704],[-111.9622,34.6327],[-111.9382,34.6368],[-111.9308,34.6423],[-111.9398,34.6575],[-111.9383,34.6747],[-111.9448,34.6795],[-111.9479,34.6737],[-111.9518,34.6739],[-111.9557,34.6818],[-111.9652,34.6862],[-111.9649,34.6929],[-111.9557,34.6906],[-111.9551,34.6936],[-111.9613,34.6995],[-111.9608,34.7037],[-111.9687,34.7051],[-111.9702,34.714],[-111.9744,34.714],[-111.9744,34.7317],[-111.9778,34.7328],[-111.9693,34.7432],[-111.9704,34.755],[-111.9748,34.7616],[-112.0135,34.7615],[-112.0135,34.7653],[-112.0253,34.7652],[-112.0249,34.7611],[-112.0319,34.7559],[-112.0491,34.7546],[-112.0505,34.7517],[-112.0447,34.7467],[-112.0437,34.7407],[-112.0537,34.7397],[-112.0536,34.7249],[-112.0485,34.7248],[-112.0555,34.7192],[-112.0595,34.7093],[-112.0882,34.7104],[-112.0908,34.7167],[-112.0909,34.7047]]]},"properties":{"ZCTA5":"86326","CENTLAT":"+34.6985648","CENTLON":"-112.0138270"}},{"type":"Feature","geometry":{"type":"Polygon","coordinates":[[[-110.6935,32.5996],[-110.6809,32.5931],[-110.686,32.5886],[-110.6803,32.5857],[-110.6778,32.5774],[-110.6841,32.5759],[-110.6798,32.5709],[-110.665,32.5641],[-110.6737,32.5629],[-110.667,32.5571],[-110.6669,32.5517],[-110.6614,32.552],[-110.6579,32.5475],[-110.6825,32.5382],[-110.6628,32.5398],[-110.6528,32.5374],[-110.6529,32.5138],[-110.4492,32.514],[-110.4486,32.6433],[-110.6008,32.6445],[-110.5991,32.641],[-110.6039,32.6446],[-110.6354,32.6449],[-110.6366,32.6564],[-110.6477,32.6629],[-110.6553,32.6562],[-110.6546,32.6524],[-110.6618,32.6493],[-110.6617,32.6454],[-110.6769,32.6354],[-110.6835,32.6162],[-110.6935,32.5996]]]},"properties":{"ZCTA5":"85631","CENTLAT":"+32.5812964","CENTLON":"-110.5625007"}},{"type":"Feature","geometry":{"type":"Polygon","coordinates":[[[-111.5166,32.7254],[-111.5111,32.7217],[-111.5159,32.7196],[-111.5162,32.6908],[-111.499,32.6908],[-111.4995,32.6176],[-111.4655,32.6148],[-111.4655,32.6037],[-111.4652,32.6073],[-111.4485,32.6068],[-111.4485,32.6023],[-111.4309,32.5887],[-111.3443,32.5885],[-111.3284,32.6],[-111.3285,32.6323],[-111.3368,32.6324],[-111.3387,32.6532],[-111.3563,32.6633],[-111.365,32.6587],[-111.3996,32.6581],[-111.4328,32.6847],[-111.4327,32.7074],[-111.4476,32.7192],[-111.4476,32.7269],[-111.4644,32.7267],[-111.4644,32.7197],[-111.4987,32.7199],[-111.4988,32.7174],[-111.5166,32.7254]]]},"properties":{"ZCTA5":"85141","CENTLAT":"+32.6470413","CENTLON":"-111.4278616"}},{"type":"Feature","geometry":{"type":"Polygon","coordinates":[[[-111.7406,32.7631],[-111.7402,32.7338],[-111.7138,32.7339],[-111.6947,32.7193],[-111.7063,32.7191],[-111.7069,32.6554],[-111.693,32.6433],[-111.6888,32.6228],[-111.672,32.6227],[-111.672,32.6461],[-111.6548,32.6461],[-111.6547,32.6754],[-111.6379,32.6755],[-111.6657,32.6973],[-111.6549,32.6972],[-111.6549,32.7193],[-111.6202,32.7195],[-111.6199,32.7485],[-111.6455,32.7485],[-111.6457,32.7412],[-111.6549,32.7412],[-111.6542,32.763],[-111.7406,32.7631]]]},"properties":{"ZCTA5":"85123","CENTLAT":"+32.7091390","CENTLON":"-111.6801597"}},{"type":"Feature","geometry":{"type":"Polygon","coordinates":[[[-112.4603,33.6384],[-112.4181,33.6389],[-112.4187,33.6243],[-112.4116,33.6242],[-112.4174,33.628],[-112.4146,33.631],[-112.4175,33.6311],[-112.4174,33.6347],[-112.4129,33.6348],[-112.4095,33.6336],[-112.4095,33.6242],[-112.3303,33.6236],[-112.404,33.6805],[-112.4174,33.6608],[-112.4181,33.6531],[-112.4513,33.6533],[-112.4603,33.6384]]]},"properties":{"ZCTA5":"85374","CENTLAT":"+33.6444813","CENTLON":"-112.3949833"}},{"type":"Feature","geometry":{"type":"Polygon","coordinates":[[[-110.0581,34.7703],[-110.0577,34.7589],[-110.0448,34.7481],[-110.0458,34.7422],[-110.0367,34.7384],[-110.0383,34.741],[-110.0321,34.7553],[-110.0363,34.7672],[-110.0094,34.7675],[-110.0095,34.7747],[-110.0249,34.7739],[-110.0287,34.7786],[-110.0233,34.7854],[-110.0097,34.7926],[-110.0095,34.804],[-110.0186,34.8039],[-110.0187,34.8003],[-110.0341,34.8],[-110.0406,34.7935],[-110.0405,34.7796],[-110.0521,34.7841],[-110.0567,34.7804],[-110.0581,34.7703]]]},"properties":{"ZCTA5":"85942","CENTLAT":"+34.7743997","CENTLON":"-110.0354990"}},{"type":"Feature","geometry":{"type":"Polygon","coordinates":[[[-112.4578,34.5561],[-112.4554,34.5491],[-112.4499,34.5492],[-112.447,34.5589],[-112.4578,34.5561]]]},"properties":{"ZCTA5":"86313","CENTLAT":"+34.5542200","CENTLON":"-112.4528861"}},{"type":"Feature","geometry":{"type":"Polygon","coordinates":[[[-112.7215,33.3482],[-112.7149,33.3339],[-112.7116,33.3339],[-112.7118,33.3124],[-112.7028,33.318],[-112.6771,33.3208],[-112.6771,33.3339],[-112.6598,33.3342],[-112.6599,33.3483],[-112.677,33.3484],[-112.6771,33.3615],[-112.6861,33.3593],[-112.6918,33.3622],[-112.6941,33.3485],[-112.7215,33.3482]]]},"properties":{"ZCTA5":"85343","CENTLAT":"+33.3377590","CENTLON":"-112.6908630"}},{"type":"Feature","geometry":{"type":"Polygon","coordinates":[[[-111.7212,33.3231],[-111.7169,33.3214],[-111.7198,33.3251],[-111.7212,33.3231]]]},"properties":{"ZCTA5":"85236","CENTLAT":"+33.3229222","CENTLON":"-111.7196132"}},{"type":"Feature","geometry":{"type":"Polygon","coordinates":[[[-111.7728,33.256],[-111.7726,33.2488],[-111.7641,33.2487],[-111.7642,33.2338],[-111.7554,33.2338],[-111.7554,33.2048],[-111.7292,33.2048],[-111.7291,33.2121],[-111.7205,33.212],[-111.7205,33.2193],[-111.6859,33.2196],[-111.6881,33.2344],[-111.6858,33.2345],[-111.6858,33.2419],[-111.6945,33.2416],[-111.6945,33.2452],[-111.7032,33.2465],[-111.7032,33.2485],[-111.6856,33.2494],[-111.6861,33.2665],[-111.7336,33.2611],[-111.7379,33.2631],[-111.7379,33.2704],[-111.7553,33.2705],[-111.7554,33.2631],[-111.7728,33.2631],[-111.7728,33.256]]]},"properties":{"ZCTA5":"85298","CENTLAT":"+33.2398182","CENTLON":"-111.7282007"}},{"type":"Feature","geometry":{"type":"Polygon","coordinates":[[[-112.3589,33.5513],[-112.3586,33.5448],[-112.3516,33.5415],[-112.3583,33.5401],[-112.3582,33.5289],[-112.3239,33.5293],[-112.324,33.522],[-112.3068,33.5216],[-112.3068,33.5075],[-112.277,33.5083],[-112.2764,33.5155],[-112.2727,33.5155],[-112.2725,33.5083],[-112.2724,33.5265],[-112.2796,33.5263],[-112.2811,33.5293],[-112.2724,33.53],[-112.2725,33.5514],[-112.3589,33.5513]]]},"properties":{"ZCTA5":"85307","CENTLAT":"+33.5339624","CENTLON":"-112.3086746"}},{"type":"Feature","geometry":{"type":"Polygon","coordinates":[[[-112.1001,33.4551],[-112.0998,33.4249],[-112.0938,33.4238],[-112.0997,33.4226],[-112.0997,33.4184],[-112.0909,33.4183],[-112.0905,33.4067],[-112.0851,33.4067],[-112.0851,33.414],[-112.082,33.414],[-112.0824,33.4258],[-112.0783,33.4259],[-112.0783,33.4286],[-112.0824,33.4269],[-112.0805,33.4371],[-112.083,33.4804],[-112.1,33.4806],[-112.1,33.4604],[-112.0978,33.4595],[-112.1001,33.4551]]]},"properties":{"ZCTA5":"85007","CENTLAT":"+33.4467985","CENTLON":"-112.0907331"}},{"type":"Feature","geometry":{"type":"Polygon","coordinates":[[[-110.7313,33.29],[-110.7139,33.291],[-110.7125,33.3029],[-110.6993,33.3105],[-110.6849,33.3114],[-110.6744,33.3174],[-110.6635,33.3429],[-110.6521,33.3499],[-110.6542,33.3528],[-110.6077,33.3427],[-110.495,33.3079],[-110.4795,33.3164],[-110.4737,33.3152],[-110.4724,33.3185],[-110.4549,33.3142],[-110.4507,33.3237],[-110.4471,33.3229],[-110.4442,33.3264],[-110.4484,33.3416],[-110.4445,33.3524],[-110.4519,33.3624],[-110.4431,33.3679],[-110.4425,33.3802],[-110.4364,33.3854],[-110.4476,33.3823],[-110.4589,33.4077],[-110.472,33.4092],[-110.4807,33.4241],[-110.4974,33.4364],[-110.4994,33.443],[-110.4955,33.4476],[-110.4876,33.4473],[-110.4817,33.4564],[-110.4821,33.4618],[-110.4632,33.4578],[-110.4384,33.4802],[-110.4388,33.4766],[-110.432,33.4765],[-110.4333,33.4832],[-110.4276,33.4986],[-110.4047,33.5043],[-110.4012,33.5117],[-110.4017,33.5083],[-110.3979,33.5058],[-110.3925,33.5236],[-110.3972,33.5504],[-110.394,33.5574],[-110.384,33.5644],[-110.3892,33.5675],[-110.3864,33.5736],[-110.4011,33.577],[-110.3977,33.5934],[-110.4015,33.6028],[-110.413,33.6018],[-110.417,33.6078],[-110.4122,33.6091],[-110.4114,33.6146],[-110.4039,33.6196],[-110.3957,33.6173],[-110.3882,33.61],[-110.3754,33.607],[-110.3726,33.6202],[-110.3595,33.6334],[-110.3621,33.6415],[-110.3573,33.6489],[-110.3592,33.6566],[-110.3527,33.6628],[-110.3577,33.6674],[-110.3581,33.6739],[-110.3662,33.6804],[-110.3669,33.6878],[-110.3634,33.693],[-110.3694,33.7012],[-110.3682,33.7034],[-110.377,33.7035],[-110.3825,33.71],[-110.3797,33.7155],[-110.3822,33.7218],[-110.379,33.727],[-110.2251,33.7286],[-110.2297,33.7347],[-110.2261,33.7395],[-110.2318,33.7409],[-110.236,33.7487],[-110.2428,33.7525],[-110.2371,33.7555],[-110.2466,33.7572],[-110.2503,33.7459],[-110.2564,33.746],[-110.2697,33.7547],[-110.2818,33.768],[-110.2834,33.7639],[-110.2896,33.7655],[-110.2923,33.7724],[-110.2907,33.7793],[-110.2993,33.774],[-110.3061,33.7755],[-110.3067,33.7795],[-110.3149,33.7843],[-110.3184,33.782],[-110.3273,33.7838],[-110.3325,33.791],[-110.342,33.795],[-110.3431,33.8012],[-110.3571,33.7924],[-110.3523,33.7893],[-110.3534,33.787],[-110.3692,33.7884],[-110.3714,33.7904],[-110.3595,33.7998],[-110.3744,33.8001],[-110.3817,33.8058],[-110.3742,33.8049],[-110.3695,33.8101],[-110.3769,33.8173],[-110.382,33.81],[-110.3979,33.8113],[-110.3947,33.8003],[-110.4026,33.7965],[-110.3985,33.7923],[-110.4033,33.789],[-110.4093,33.7975],[-110.4194,33.799],[-110.4275,33.7956],[-110.43,33.8065],[-110.4365,33.8043],[-110.436,33.7994],[-110.4437,33.8049],[-110.4465,33.8011],[-110.4542,33.8035],[-110.4553,33.798],[-110.4625,33.8003],[-110.4637,33.8051],[-110.4706,33.806],[-110.4738,33.7961],[-110.4832,33.8001],[-110.49,33.7905],[-110.4939,33.7972],[-110.5082,33.7977],[-110.5111,33.8024],[-110.511,33.793],[-110.5139,33.7917],[-110.5247,33.7973],[-110.514,33.8012],[-110.5259,33.8144],[-110.5304,33.6377],[-110.6939,33.5042],[-110.7313,33.29]]]},"properties":{"ZCTA5":"85550","CENTLAT":"+33.5481167","CENTLON":"-110.5127058"}},{"type":"Feature","geometry":{"type":"Polygon","coordinates":[[[-112.2063,33.7772],[-112.2016,33.7675],[-112.2033,33.7123],[-112.1351,33.7149],[-112.1349,33.6983],[-112.1146,33.6999],[-112.1291,33.7691],[-112.1687,33.7689],[-112.1958,33.7818],[-112.206,33.7807],[-112.2063,33.7772]]]},"properties":{"ZCTA5":"85083","CENTLAT":"+33.7403326","CENTLON":"-112.1630852"}},{"type":"Feature","geometry":{"type":"Polygon","coordinates":[[[-112.08,33.5676],[-112.0739,33.5623],[-112.0738,33.5383],[-112.0306,33.538],[-112.0302,33.5497],[-112.0386,33.5495],[-112.0361,33.5636],[-112.0417,33.5695],[-112.0379,33.5969],[-112.058,33.607],[-112.0651,33.6076],[-112.0664,33.5924],[-112.0635,33.585],[-112.0738,33.5826],[-112.0706,33.5797],[-112.0752,33.5775],[-112.0739,33.5677],[-112.08,33.5676]]]},"properties":{"ZCTA5":"85020","CENTLAT":"+33.5676295","CENTLON":"-112.0548251"}},{"type":"Feature","geometry":{"type":"Polygon","coordinates":[[[-110.6273,34.2895],[-110.6166,34.2867],[-110.597,34.2913],[-110.5841,34.2874],[-110.5822,34.2817],[-110.5714,34.2743],[-110.5654,34.2813],[-110.545,34.271],[-110.5377,34.2743],[-110.5403,34.2825],[-110.5118,34.303],[-110.4757,34.3004],[-110.4706,34.3034],[-110.4569,34.3029],[-110.456,34.3054],[-110.4407,34.3001],[-110.4311,34.3071],[-110.4213,34.3065],[-110.4171,34.3132],[-110.4183,34.3176],[-110.4128,34.3163],[-110.4009,34.3385],[-110.408,34.3391],[-110.4065,34.3438],[-110.3909,34.3572],[-110.3831,34.3587],[-110.3899,34.3808],[-110.3889,34.3862],[-110.399,34.3894],[-110.4021,34.403],[-110.4061,34.4064],[-110.4108,34.4025],[-110.4207,34.4014],[-110.4311,34.4085],[-110.4442,34.4072],[-110.4712,34.3797],[-110.4897,34.3824],[-110.5156,34.3933],[-110.5154,34.406],[-110.5124,34.407],[-110.5147,34.4129],[-110.5104,34.415],[-110.5185,34.4168],[-110.507,34.4245],[-110.4951,34.4413],[-110.4954,34.4458],[-110.5011,34.4497],[-110.5023,34.4573],[-110.4999,34.4607],[-110.5095,34.4611],[-110.5149,34.467],[-110.5148,34.4746],[-110.5346,34.4696],[-110.5548,34.4441],[-110.5615,34.4401],[-110.5669,34.4302],[-110.5878,34.4319],[-110.5905,34.4357],[-110.5916,34.4317],[-110.5965,34.4297],[-110.5984,34.4157],[-110.5937,34.4064],[-110.5875,34.4064],[-110.586,34.4037],[-110.5922,34.4034],[-110.5984,34.3925],[-110.5931,34.3863],[-110.5961,34.3679],[-110.5855,34.371],[-110.5844,34.3587],[-110.5788,34.3501],[-110.5786,34.3372],[-110.6029,34.3199],[-110.5927,34.3181],[-110.5967,34.3084],[-110.6021,34.305],[-110.6015,34.2981],[-110.6083,34.3015],[-110.6201,34.2943],[-110.6271,34.2954],[-110.6273,34.2895]]]},"properties":{"ZCTA5":"85933","CENTLAT":"+34.3608864","CENTLON":"-110.5095520"}},{"type":"Feature","geometry":{"type":"Polygon","coordinates":[[[-112.5378,34.7608],[-112.5193,34.7596],[-112.5195,34.745],[-112.524,34.7452],[-112.524,34.7379],[-112.5286,34.7381],[-112.5286,34.7304],[-112.5194,34.7305],[-112.5194,34.716],[-112.5014,34.7161],[-112.5016,34.7308],[-112.4835,34.731],[-112.4832,34.7164],[-112.4651,34.7163],[-112.4652,34.7016],[-112.4494,34.7018],[-112.4357,34.6555],[-112.4288,34.654],[-112.4133,34.6615],[-112.412,34.6633],[-112.4159,34.6628],[-112.4072,34.6688],[-112.3985,34.6812],[-112.397,34.6976],[-112.378,34.705],[-112.3661,34.7162],[-112.353,34.7162],[-112.3413,34.744],[-112.3293,34.7557],[-112.2965,34.7482],[-112.2964,34.7368],[-112.2486,34.7575],[-112.2369,34.7578],[-112.2279,34.7676],[-112.2276,34.7738],[-112.2229,34.7693],[-112.215,34.7722],[-112.2165,34.777],[-112.2092,34.7764],[-112.21,34.7792],[-112.2044,34.7753],[-112.2046,34.7804],[-112.1997,34.7786],[-112.1898,34.7829],[-112.1836,34.7804],[-112.1791,34.7851],[-112.1756,34.7826],[-112.1732,34.7852],[-112.1838,34.792],[-112.1866,34.8027],[-112.2053,34.8031],[-112.2658,34.7867],[-112.2808,34.7872],[-112.3142,34.7751],[-112.3009,34.7862],[-112.294,34.7987],[-112.3007,34.815],[-112.3115,34.8183],[-112.3169,34.8259],[-112.3235,34.8121],[-112.3411,34.8105],[-112.3473,34.8043],[-112.3711,34.7947],[-112.3702,34.8052],[-112.3733,34.8121],[-112.3771,34.8116],[-112.3854,34.8193],[-112.3975,34.8188],[-112.4008,34.8146],[-112.3932,34.8089],[-112.3928,34.8043],[-112.4302,34.8049],[-112.4299,34.8195],[-112.4439,34.8161],[-112.4439,34.8085],[-112.4482,34.8085],[-112.4503,34.8046],[-112.4619,34.8363],[-112.4617,34.8494],[-112.4973,34.8492],[-112.4975,34.853],[-112.5024,34.853],[-112.5224,34.8515],[-112.5215,34.8329],[-112.5271,34.8333],[-112.5317,34.8287],[-112.5216,34.8227],[-112.5184,34.8061],[-112.5372,34.8061],[-112.5378,34.7608]]]},"properties":{"ZCTA5":"86323","CENTLAT":"+34.7660566","CENTLON":"-112.4042397"}},{"type":"Feature","geometry":{"type":"Polygon","coordinates":[[[-111.4887,33.3791],[-111.4769,33.3695],[-111.477,33.3404],[-111.4594,33.3446],[-111.4595,33.3071],[-111.412,33.3075],[-111.4189,33.3038],[-111.4205,33.2986],[-111.4386,33.2927],[-111.3865,33.2928],[-111.3489,33.2652],[-111.3385,33.256],[-111.3401,33.2527],[-111.3383,33.2559],[-111.3014,33.2576],[-111.2817,33.2744],[-111.2689,33.2805],[-111.2697,33.4659],[-111.4768,33.4659],[-111.4769,33.4078],[-111.4596,33.4077],[-111.4596,33.3935],[-111.4768,33.3934],[-111.4769,33.3789],[-111.4887,33.3791]]]},"properties":{"ZCTA5":"85118","CENTLAT":"+33.3736740","CENTLON":"-111.3654586"}},{"type":"Feature","geometry":{"type":"Polygon","coordinates":[[[-112.4067,34.6442],[-112.3946,34.6436],[-112.3946,34.6342],[-112.3753,34.6292],[-112.3067,34.6421],[-112.307,34.6288],[-112.2978,34.6287],[-112.2948,34.6231],[-112.2897,34.6225],[-112.2901,34.6114],[-112.2859,34.6113],[-112.2858,34.6073],[-112.2815,34.6073],[-112.2812,34.6146],[-112.2724,34.6145],[-112.273,34.6254],[-112.2419,34.6262],[-112.2584,34.5953],[-112.2597,34.5865],[-112.2518,34.5718],[-112.2378,34.5718],[-112.222,34.5885],[-112.2023,34.5995],[-112.2019,34.6721],[-112.207,34.6721],[-112.2018,34.6721],[-112.1965,34.6768],[-112.2013,34.6844],[-112.2016,34.7156],[-112.2467,34.7157],[-112.2417,34.7214],[-112.2402,34.7493],[-112.2353,34.7592],[-112.2486,34.7575],[-112.2964,34.7368],[-112.2965,34.7482],[-112.3293,34.7557],[-112.3413,34.744],[-112.353,34.7162],[-112.3661,34.7162],[-112.378,34.705],[-112.397,34.6976],[-112.3997,34.6867],[-112.3949,34.6729],[-112.3995,34.6541],[-112.4067,34.6442]]]},"properties":{"ZCTA5":"86315","CENTLAT":"+34.6740270","CENTLON":"-112.2890632"}}]}